time,value
2023-01-01T00:00:08.995,0.2456
2023-01-01T00:00:43.319,0.2457
2023-01-01T00:00:57.587,0.2458
2023-01-01T00:01:47.673,0.2458
2023-01-01T00:02:35.555,0.2457
2023-01-01T00:03:25.723,0.2457
2023-01-01T00:03:56.395,0.2456
2023-01-01T00:04:31.462,0.2455
2023-01-01T00:04:32.559,0.2454
2023-01-01T00:04:46.902,0.2455
2023-01-01T00:04:46.954,0.2456
2023-01-01T00:05:37.073,0.2456
2023-01-01T00:06:30.410,0.2455
2023-01-01T00:07:26.837,0.2454
2023-01-01T00:08:14.584,0.2453
2023-01-01T00:09:04.623,0.2453
2023-01-01T00:09:14.939,0.2452
2023-01-01T00:09:18.406,0.2451
2023-01-01T00:09:26.751,0.2452
2023-01-01T00:10:22.985,0.2453
2023-01-01T00:10:38.535,0.2452
2023-01-01T00:11:03.684,0.2453
2023-01-01T00:11:46.689,0.2452
2023-01-01T00:11:47.899,0.2451
2023-01-01T00:12:23.604,0.245
2023-01-01T00:12:25.079,0.2449
2023-01-01T00:12:25.254,0.2448
2023-01-01T00:12:25.259,0.2447
2023-01-01T00:12:25.259,0.2448
2023-01-01T00:12:25.260,0.2447
2023-01-01T00:12:25.345,0.2448
2023-01-01T00:12:26.076,0.2447
2023-01-01T00:12:26.482,0.2448
2023-01-01T00:12:54.425,0.2447
2023-01-01T00:12:59.844,0.2448
2023-01-01T00:13:00.789,0.2449
2023-01-01T00:13:44.261,0.245
2023-01-01T00:13:57.303,0.2451
2023-01-01T00:14:00.642,0.2452
2023-01-01T00:14:44.426,0.2451
2023-01-01T00:14:45.341,0.245
2023-01-01T00:14:50.501,0.2449
2023-01-01T00:15:10.616,0.245
2023-01-01T00:15:23.008,0.2449
2023-01-01T00:15:33.726,0.245
2023-01-01T00:15:39.840,0.2451
2023-01-01T00:15:40.332,0.245
2023-01-01T00:15:46.373,0.2449
2023-01-01T00:15:48.234,0.245
2023-01-01T00:16:06.276,0.2449
2023-01-01T00:16:56.323,0.2449
2023-01-01T00:17:11.001,0.2448
2023-01-01T00:17:14.000,0.2447
2023-01-01T00:17:17.084,0.2446
2023-01-01T00:17:27.373,0.2447
2023-01-01T00:17:42.701,0.2448
2023-01-01T00:17:43.177,0.2449
2023-01-01T00:17:43.204,0.2448
2023-01-01T00:17:54.326,0.2447
2023-01-01T00:18:44.373,0.2447
2023-01-01T00:18:55.874,0.2448
2023-01-01T00:18:55.911,0.2449
2023-01-01T00:18:58.228,0.2448
2023-01-01T00:19:46.389,0.2449
2023-01-01T00:20:32.790,0.245
2023-01-01T00:21:22.823,0.245
2023-01-01T00:22:04.448,0.2451
2023-01-01T00:22:18.436,0.245
2023-01-01T00:22:18.526,0.2449
2023-01-01T00:22:38.274,0.2448
2023-01-01T00:22:47.681,0.2447
2023-01-01T00:22:55.578,0.2448
2023-01-01T00:23:20.400,0.2449
2023-01-01T00:23:32.550,0.245
2023-01-01T00:24:30.512,0.2449
2023-01-01T00:25:14.777,0.245
2023-01-01T00:26:04.823,0.245
2023-01-01T00:26:22.528,0.2451
2023-01-01T00:26:23.854,0.245
2023-01-01T00:27:14.323,0.245
2023-01-01T00:27:50.612,0.2451
2023-01-01T00:28:43.657,0.2452
2023-01-01T00:28:43.778,0.2453
2023-01-01T00:28:49.873,0.2452
2023-01-01T00:29:13.206,0.2451
2023-01-01T00:30:03.223,0.2451
2023-01-01T00:30:20.739,0.245
2023-01-01T00:30:30.152,0.2449
2023-01-01T00:30:38.454,0.2448
2023-01-01T00:31:28.524,0.2448
2023-01-01T00:32:20.393,0.2447
2023-01-01T00:32:20.796,0.2446
2023-01-01T00:33:12.273,0.2446
2023-01-01T00:34:08.956,0.2445
2023-01-01T00:34:08.960,0.2446
2023-01-01T00:34:08.975,0.2445
2023-01-01T00:34:10.324,0.2446
2023-01-01T00:34:11.076,0.2445
2023-01-01T00:34:50.998,0.2444
2023-01-01T00:34:53.156,0.2443
2023-01-01T00:34:56.287,0.2444
2023-01-01T00:35:26.931,0.2443
2023-01-01T00:35:49.710,0.2442
2023-01-01T00:35:49.714,0.2443
2023-01-01T00:35:49.724,0.2442
2023-01-01T00:35:49.727,0.2443
2023-01-01T00:35:49.877,0.2442
2023-01-01T00:35:49.882,0.2443
2023-01-01T00:35:51.179,0.2442
2023-01-01T00:35:58.082,0.2443
2023-01-01T00:36:20.410,0.2442
2023-01-01T00:36:20.749,0.2441
2023-01-01T00:36:27.080,0.2442
2023-01-01T00:36:30.279,0.2443
2023-01-01T00:36:48.427,0.2442
2023-01-01T00:37:21.037,0.2441
2023-01-01T00:37:38.354,0.2442
2023-01-01T00:37:42.993,0.2443
2023-01-01T00:38:16.910,0.2444
2023-01-01T00:38:17.413,0.2445
2023-01-01T00:38:19.170,0.2444
2023-01-01T00:38:28.666,0.2445
2023-01-01T00:39:10.817,0.2444
2023-01-01T00:39:16.674,0.2445
2023-01-01T00:39:41.561,0.2446
2023-01-01T00:40:09.977,0.2445
2023-01-01T00:41:00.023,0.2445
2023-01-01T00:41:12.280,0.2444
2023-01-01T00:41:20.119,0.2443
2023-01-01T00:41:35.171,0.2444
2023-01-01T00:42:25.174,0.2444
2023-01-01T00:43:15.223,0.2444
2023-01-01T00:44:13.947,0.2443
2023-01-01T00:45:00.092,0.2442
2023-01-01T00:45:42.818,0.2443
2023-01-01T00:46:15.033,0.2444
2023-01-01T00:47:05.073,0.2444
2023-01-01T00:47:38.898,0.2445
2023-01-01T00:48:07.270,0.2446
2023-01-01T00:48:57.273,0.2446
2023-01-01T00:49:28.285,0.2445
2023-01-01T00:50:18.323,0.2445
2023-01-01T00:51:08.373,0.2445
2023-01-01T00:51:58.374,0.2445
2023-01-01T00:52:48.423,0.2445
2023-01-01T00:53:38.473,0.2445
2023-01-01T00:54:12.551,0.2446
2023-01-01T00:55:02.573,0.2446
2023-01-01T00:55:52.623,0.2446
2023-01-01T00:56:10.360,0.2445
2023-01-01T00:56:10.360,0.2446
2023-01-01T00:56:10.363,0.2445
2023-01-01T00:57:00.373,0.2445
2023-01-01T00:57:50.373,0.2445
2023-01-01T00:58:40.423,0.2445
2023-01-01T00:59:30.473,0.2445
2023-01-01T01:00:20.523,0.2445
2023-01-01T01:01:10.573,0.2445
2023-01-01T01:02:00.673,0.2445
2023-01-01T01:02:50.723,0.2445
2023-01-01T01:03:40.773,0.2445
2023-01-01T01:04:38.251,0.2444
2023-01-01T01:04:38.293,0.2443
2023-01-01T01:05:18.838,0.2444
2023-01-01T01:06:08.873,0.2444
2023-01-01T01:06:58.873,0.2444
2023-01-01T01:07:48.923,0.2444
2023-01-01T01:08:38.974,0.2444
2023-01-01T01:09:36.281,0.2445
2023-01-01T01:09:44.274,0.2446
2023-01-01T01:10:34.573,0.2446
2023-01-01T01:10:56.971,0.2445
2023-01-01T01:11:47.173,0.2445
2023-01-01T01:12:33.732,0.2444
2023-01-01T01:13:23.923,0.2444
2023-01-01T01:14:13.973,0.2444
2023-01-01T01:15:04.023,0.2444
2023-01-01T01:15:39.203,0.2445
2023-01-01T01:16:17.194,0.2446
2023-01-01T01:16:40.310,0.2445
2023-01-01T01:17:30.323,0.2445
2023-01-01T01:17:59.619,0.2446
2023-01-01T01:18:49.773,0.2446
2023-01-01T01:19:39.823,0.2446
2023-01-01T01:20:29.923,0.2446
2023-01-01T01:21:08.344,0.2445
2023-01-01T01:21:35.725,0.2444
2023-01-01T01:22:26.423,0.2444
2023-01-01T01:23:16.473,0.2444
2023-01-01T01:24:13.008,0.2445
2023-01-01T01:25:03.023,0.2445
2023-01-01T01:25:53.073,0.2445
2023-01-01T01:26:43.073,0.2445
2023-01-01T01:27:33.123,0.2445
2023-01-01T01:28:23.124,0.2445
2023-01-01T01:29:13.173,0.2445
2023-01-01T01:30:03.173,0.2445
2023-01-01T01:31:00.670,0.2444
2023-01-01T01:31:51.818,0.2445
2023-01-01T01:32:41.874,0.2445
2023-01-01T01:33:10.751,0.2444
2023-01-01T01:33:32.551,0.2443
2023-01-01T01:33:34.274,0.2444
2023-01-01T01:34:24.323,0.2444
2023-01-01T01:35:14.373,0.2444
2023-01-01T01:35:40.519,0.2445
2023-01-01T01:36:04.679,0.2446
2023-01-01T01:36:13.828,0.2445
2023-01-01T01:37:04.273,0.2445
2023-01-01T01:37:54.273,0.2445
2023-01-01T01:38:44.323,0.2445
2023-01-01T01:39:34.423,0.2445
2023-01-01T01:40:29.251,0.2446
2023-01-01T01:41:20.473,0.2446
2023-01-01T01:41:55.077,0.2447
2023-01-01T01:42:45.173,0.2447
2023-01-01T01:43:11.126,0.2448
2023-01-01T01:44:01.223,0.2448
2023-01-01T01:44:51.223,0.2448
2023-01-01T01:45:41.223,0.2448
2023-01-01T01:46:31.274,0.2448
2023-01-01T01:46:53.018,0.2449
2023-01-01T01:47:43.073,0.2449
2023-01-01T01:48:11.239,0.245
2023-01-01T01:49:01.323,0.245
2023-01-01T01:49:32.304,0.2451
2023-01-01T01:50:22.373,0.2451
2023-01-01T01:51:12.424,0.2451
2023-01-01T01:52:01.740,0.245
2023-01-01T01:52:52.173,0.245
2023-01-01T01:53:42.173,0.245
2023-01-01T01:54:32.223,0.245
2023-01-01T01:55:22.274,0.245
2023-01-01T01:56:12.373,0.245
2023-01-01T01:56:40.624,0.2451
2023-01-01T01:56:46.342,0.2452
2023-01-01T01:57:18.039,0.2453
2023-01-01T01:57:50.356,0.2454
2023-01-01T01:58:50.351,0.2453
2023-01-01T01:59:40.487,0.2452
2023-01-01T02:00:04.600,0.2451
2023-01-01T02:00:24.221,0.245
2023-01-01T02:01:07.718,0.2451
2023-01-01T02:01:37.091,0.245
2023-01-01T02:01:40.732,0.2449
2023-01-01T02:01:56.140,0.245
2023-01-01T02:02:46.173,0.245
2023-01-01T02:03:36.223,0.245
2023-01-01T02:04:27.791,0.2449
2023-01-01T02:04:28.551,0.2448
2023-01-01T02:05:18.723,0.2448
2023-01-01T02:05:49.698,0.2449
2023-01-01T02:06:44.459,0.245
2023-01-01T02:07:34.473,0.245
2023-01-01T02:08:24.573,0.245
2023-01-01T02:08:37.104,0.2451
2023-01-01T02:09:27.123,0.2451
2023-01-01T02:10:02.391,0.2452
2023-01-01T02:10:52.423,0.2452
2023-01-01T02:11:42.473,0.2452
2023-01-01T02:12:32.523,0.2452
2023-01-01T02:13:22.573,0.2452
2023-01-01T02:13:46.359,0.2453
2023-01-01T02:13:55.655,0.2454
2023-01-01T02:14:01.429,0.2455
2023-01-01T02:14:04.077,0.2456
2023-01-01T02:14:10.984,0.2457
2023-01-01T02:14:11.367,0.2458
2023-01-01T02:14:18.199,0.2457
2023-01-01T02:14:23.137,0.2456
2023-01-01T02:14:57.792,0.2457
2023-01-01T02:14:59.215,0.2458
2023-01-01T02:15:24.922,0.2457
2023-01-01T02:16:14.924,0.2457
2023-01-01T02:17:02.464,0.2456
2023-01-01T02:17:52.573,0.2456
2023-01-01T02:18:42.623,0.2456
2023-01-01T02:19:32.673,0.2456
2023-01-01T02:19:50.024,0.2457
2023-01-01T02:20:40.123,0.2457
2023-01-01T02:20:53.167,0.2458
2023-01-01T02:21:20.,0.2457
2023-01-01T02:22:10.423,0.2457
2023-01-01T02:23:00.473,0.2457
2023-01-01T02:23:50.573,0.2457
2023-01-01T02:24:40.673,0.2457
2023-01-01T02:25:30.723,0.2457
2023-01-01T02:26:10.394,0.2458
2023-01-01T02:27:00.523,0.2458
2023-01-01T02:27:50.573,0.2458
2023-01-01T02:28:40.623,0.2458
2023-01-01T02:29:30.673,0.2458
2023-01-01T02:30:20.673,0.2458
2023-01-01T02:31:11.073,0.2458
2023-01-01T02:32:10.798,0.2459
2023-01-01T02:33:00.823,0.2459
2023-01-01T02:33:27.152,0.246
2023-01-01T02:34:07.325,0.2461
2023-01-01T02:34:57.423,0.2461
2023-01-01T02:35:40.191,0.246
2023-01-01T02:36:30.223,0.246
2023-01-01T02:36:50.235,0.2459
2023-01-01T02:37:40.373,0.2459
2023-01-01T02:38:30.473,0.2459
2023-01-01T02:39:20.523,0.2459
2023-01-01T02:40:10.015,0.2458
2023-01-01T02:41:01.373,0.2458
2023-01-01T02:41:54.345,0.2459
2023-01-01T02:42:44.373,0.2459
2023-01-01T02:43:23.648,0.2458
2023-01-01T02:44:13.723,0.2458
2023-01-01T02:45:03.896,0.2459
2023-01-01T02:45:53.973,0.2459
2023-01-01T02:46:46.886,0.2458
2023-01-01T02:47:36.923,0.2458
2023-01-01T02:48:27.023,0.2458
2023-01-01T02:49:17.073,0.2458
2023-01-01T02:50:07.123,0.2458
2023-01-01T02:50:25.892,0.2457
2023-01-01T02:51:15.923,0.2457
2023-01-01T02:52:06.024,0.2457
2023-01-01T02:52:56.073,0.2457
2023-01-01T02:53:46.223,0.2457
2023-01-01T02:54:36.273,0.2457
2023-01-01T02:55:26.323,0.2457
2023-01-01T02:56:16.325,0.2457
2023-01-01T02:57:06.374,0.2457
2023-01-01T02:58:02.544,0.2456
2023-01-01T02:58:02.558,0.2455
2023-01-01T02:58:52.573,0.2455
2023-01-01T02:59:07.088,0.2456
2023-01-01T02:59:57.173,0.2456
2023-01-01T03:00:10.940,0.2455
2023-01-01T03:00:18.990,0.2454
2023-01-01T03:00:26.029,0.2455
2023-01-01T03:00:28.425,0.2454
2023-01-01T03:00:38.571,0.2455
2023-01-01T03:01:22.445,0.2454
2023-01-01T03:01:46.800,0.2455
2023-01-01T03:01:49.117,0.2456
2023-01-01T03:02:09.486,0.2455
2023-01-01T03:02:59.523,0.2455
2023-01-01T03:03:49.573,0.2455
2023-01-01T03:04:11.736,0.2454
2023-01-01T03:04:11.751,0.2453
2023-01-01T03:04:15.583,0.2454
2023-01-01T03:04:15.597,0.2455
2023-01-01T03:05:05.923,0.2455
2023-01-01T03:05:28.117,0.2456
2023-01-01T03:05:57.597,0.2457
2023-01-01T03:06:02.395,0.2456
2023-01-01T03:06:20.421,0.2457
2023-01-01T03:07:10.452,0.2456
2023-01-01T03:08:00.473,0.2456
2023-01-01T03:08:50.573,0.2456
2023-01-01T03:09:40.573,0.2456
2023-01-01T03:10:15.272,0.2455
2023-01-01T03:11:05.273,0.2455
2023-01-01T03:11:55.323,0.2455
2023-01-01T03:12:11.651,0.2456
2023-01-01T03:12:18.468,0.2455
2023-01-01T03:12:18.475,0.2456
2023-01-01T03:12:20.510,0.2455
2023-01-01T03:13:10.523,0.2455
2023-01-01T03:14:00.573,0.2455
2023-01-01T03:14:50.623,0.2455
2023-01-01T03:15:41.146,0.2454
2023-01-01T03:15:41.168,0.2453
2023-01-01T03:15:41.506,0.2452
2023-01-01T03:15:41.511,0.2453
2023-01-01T03:15:41.549,0.2452
2023-01-01T03:15:42.255,0.2453
2023-01-01T03:15:58.821,0.2454
2023-01-01T03:16:48.873,0.2454
2023-01-01T03:17:04.654,0.2453
2023-01-01T03:17:23.467,0.2452
2023-01-01T03:18:11.538,0.2453
2023-01-01T03:18:15.102,0.2452
2023-01-01T03:19:05.173,0.2452
2023-01-01T03:19:55.174,0.2452
2023-01-01T03:20:45.223,0.2452
2023-01-01T03:21:35.273,0.2452
2023-01-01T03:21:59.912,0.2453
2023-01-01T03:22:16.215,0.2454
2023-01-01T03:23:06.673,0.2454
2023-01-01T03:24:04.616,0.2453
2023-01-01T03:24:57.003,0.2452
2023-01-01T03:25:47.023,0.2452
2023-01-01T03:26:37.073,0.2452
2023-01-01T03:27:27.173,0.2452
2023-01-01T03:27:48.375,0.2453
2023-01-01T03:28:38.473,0.2453
2023-01-01T03:29:28.523,0.2453
2023-01-01T03:30:05.087,0.2452
2023-01-01T03:30:55.123,0.2452
2023-01-01T03:31:45.173,0.2452
2023-01-01T03:32:35.223,0.2452
2023-01-01T03:33:07.797,0.2453
2023-01-01T03:33:57.823,0.2453
2023-01-01T03:34:47.825,0.2453
2023-01-01T03:35:37.873,0.2453
2023-01-01T03:36:27.923,0.2453
2023-01-01T03:37:17.973,0.2453
2023-01-01T03:38:08.023,0.2453
2023-01-01T03:38:27.545,0.2454
2023-01-01T03:39:17.573,0.2454
2023-01-01T03:40:07.623,0.2454
2023-01-01T03:40:33.062,0.2453
2023-01-01T03:41:23.373,0.2453
2023-01-01T03:42:13.423,0.2453
2023-01-01T03:43:03.523,0.2453
2023-01-01T03:43:37.203,0.2454
2023-01-01T03:44:27.323,0.2454
2023-01-01T03:45:17.373,0.2454
2023-01-01T03:46:04.871,0.2453
2023-01-01T03:46:55.323,0.2453
2023-01-01T03:47:45.423,0.2453
2023-01-01T03:48:35.473,0.2453
2023-01-01T03:49:25.523,0.2453
2023-01-01T03:50:15.573,0.2453
2023-01-01T03:50:54.169,0.2452
2023-01-01T03:51:44.473,0.2452
2023-01-01T03:52:34.524,0.2452
2023-01-01T03:53:24.573,0.2452
2023-01-01T03:54:14.574,0.2452
2023-01-01T03:54:40.346,0.2453
2023-01-01T03:54:40.379,0.2454
2023-01-01T03:54:51.911,0.2455
2023-01-01T03:54:55.548,0.2454
2023-01-01T03:55:45.573,0.2454
2023-01-01T03:56:35.573,0.2454
2023-01-01T03:57:25.623,0.2454
2023-01-01T03:58:15.674,0.2454
2023-01-01T03:59:05.723,0.2454
2023-01-01T03:59:31.849,0.2453
2023-01-01T03:59:52.557,0.2454
2023-01-01T04:00:42.573,0.2454
2023-01-01T04:01:17.938,0.2453
2023-01-01T04:02:07.973,0.2453
2023-01-01T04:02:58.023,0.2453
2023-01-01T04:03:14.311,0.2454
2023-01-01T04:03:18.558,0.2453
2023-01-01T04:04:08.723,0.2453
2023-01-01T04:04:58.773,0.2453
2023-01-01T04:05:48.823,0.2453
2023-01-01T04:06:28.969,0.2452
2023-01-01T04:07:19.224,0.2452
2023-01-01T04:07:48.362,0.2451
2023-01-01T04:07:56.675,0.245
2023-01-01T04:08:02.058,0.2449
2023-01-01T04:08:54.712,0.245
2023-01-01T04:09:07.228,0.2449
2023-01-01T04:10:02.048,0.2448
2023-01-01T04:10:52.123,0.2448
2023-01-01T04:11:42.123,0.2448
2023-01-01T04:12:28.415,0.2449
2023-01-01T04:13:18.473,0.2449
2023-01-01T04:13:32.425,0.2448
2023-01-01T04:14:00.849,0.2447
2023-01-01T04:14:00.851,0.2448
2023-01-01T04:14:00.852,0.2447
2023-01-01T04:14:48.780,0.2448
2023-01-01T04:15:38.824,0.2448
2023-01-01T04:16:24.602,0.2447
2023-01-01T04:17:14.723,0.2447
2023-01-01T04:18:04.824,0.2447
2023-01-01T04:18:54.873,0.2447
2023-01-01T04:19:20.128,0.2448
2023-01-01T04:19:30.668,0.2447
2023-01-01T04:19:41.323,0.2446
2023-01-01T04:19:41.333,0.2447
2023-01-01T04:19:41.344,0.2446
2023-01-01T04:19:49.487,0.2445
2023-01-01T04:19:50.219,0.2444
2023-01-01T04:19:50.247,0.2445
2023-01-01T04:20:13.026,0.2444
2023-01-01T04:20:20.375,0.2445
2023-01-01T04:20:24.155,0.2444
2023-01-01T04:20:24.159,0.2445
2023-01-01T04:20:24.281,0.2444
2023-01-01T04:20:45.670,0.2445
2023-01-01T04:21:14.306,0.2444
2023-01-01T04:21:31.797,0.2445
2023-01-01T04:21:38.015,0.2444
2023-01-01T04:21:46.487,0.2445
2023-01-01T04:21:48.068,0.2446
2023-01-01T04:22:34.914,0.2445
2023-01-01T04:22:34.914,0.2446
2023-01-01T04:23:24.923,0.2446
2023-01-01T04:24:15.023,0.2446
2023-01-01T04:25:05.073,0.2446
2023-01-01T04:25:55.073,0.2446
2023-01-01T04:26:07.330,0.2447
2023-01-01T04:26:22.357,0.2448
2023-01-01T04:27:12.373,0.2448
2023-01-01T04:28:02.423,0.2448
2023-01-01T04:28:52.473,0.2448
2023-01-01T04:29:32.193,0.2447
2023-01-01T04:30:22.423,0.2447
2023-01-01T04:31:12.473,0.2447
2023-01-01T04:32:02.524,0.2447
2023-01-01T04:32:52.573,0.2447
2023-01-01T04:33:44.209,0.2448
2023-01-01T04:34:34.273,0.2448
2023-01-01T04:35:24.323,0.2448
2023-01-01T04:36:14.373,0.2448
2023-01-01T04:37:04.424,0.2448
2023-01-01T04:37:54.474,0.2448
2023-01-01T04:38:44.523,0.2448
2023-01-01T04:39:34.574,0.2448
2023-01-01T04:40:24.623,0.2448
2023-01-01T04:41:14.624,0.2448
2023-01-01T04:42:09.051,0.2447
2023-01-01T04:42:59.173,0.2447
2023-01-01T04:43:49.223,0.2447
2023-01-01T04:44:13.794,0.2446
2023-01-01T04:44:19.091,0.2445
2023-01-01T04:45:10.873,0.2445
2023-01-01T04:46:00.923,0.2445
2023-01-01T04:46:50.973,0.2445
2023-01-01T04:47:41.023,0.2445
2023-01-01T04:48:31.023,0.2445
2023-01-01T04:49:21.123,0.2445
2023-01-01T04:50:11.173,0.2445
2023-01-01T04:50:51.647,0.2446
2023-01-01T04:50:51.922,0.2447
2023-01-01T04:51:42.473,0.2447
2023-01-01T04:52:32.524,0.2447
2023-01-01T04:52:57.396,0.2446
2023-01-01T04:53:47.423,0.2446
2023-01-01T04:54:37.473,0.2446
2023-01-01T04:55:27.523,0.2446
2023-01-01T04:56:17.623,0.2446
2023-01-01T04:57:07.723,0.2446
2023-01-01T04:57:57.773,0.2446
2023-01-01T04:58:47.773,0.2446
2023-01-01T04:59:37.610,0.2445
2023-01-01T04:59:39.835,0.2444
2023-01-01T04:59:47.302,0.2445
2023-01-01T04:59:47.432,0.2446
2023-01-01T05:00:05.863,0.2445
2023-01-01T05:00:55.873,0.2445
2023-01-01T05:01:45.873,0.2445
2023-01-01T05:02:35.923,0.2445
2023-01-01T05:03:25.973,0.2445
2023-01-01T05:04:16.023,0.2445
2023-01-01T05:04:42.318,0.2446
2023-01-01T05:05:32.323,0.2446
2023-01-01T05:06:22.076,0.2447
2023-01-01T05:07:12.123,0.2447
2023-01-01T05:08:02.123,0.2447
2023-01-01T05:08:52.124,0.2447
2023-01-01T05:09:42.173,0.2447
2023-01-01T05:10:08.918,0.2446
2023-01-01T05:10:58.923,0.2446
2023-01-01T05:11:48.973,0.2446
2023-01-01T05:12:05.917,0.2447
2023-01-01T05:12:05.925,0.2448
2023-01-01T05:12:06.028,0.2449
2023-01-01T05:12:39.079,0.245
2023-01-01T05:13:29.123,0.245
2023-01-01T05:14:19.223,0.245
2023-01-01T05:15:00.836,0.2451
2023-01-01T05:15:50.873,0.2451
2023-01-01T05:16:40.973,0.2451
2023-01-01T05:17:31.073,0.2451
2023-01-01T05:18:21.124,0.2451
2023-01-01T05:19:11.173,0.2451
2023-01-01T05:19:21.891,0.245
2023-01-01T05:20:08.510,0.2449
2023-01-01T05:20:58.574,0.2449
2023-01-01T05:21:48.623,0.2449
2023-01-01T05:22:35.387,0.2448
2023-01-01T05:23:25.473,0.2448
2023-01-01T05:24:15.523,0.2448
2023-01-01T05:24:40.547,0.2449
2023-01-01T05:24:55.198,0.245
2023-01-01T05:25:45.223,0.245
2023-01-01T05:26:35.273,0.245
2023-01-01T05:27:25.273,0.245
2023-01-01T05:28:15.274,0.245
2023-01-01T05:29:05.323,0.245
2023-01-01T05:29:55.373,0.245
2023-01-01T05:30:45.423,0.245
2023-01-01T05:31:35.473,0.245
2023-01-01T05:31:53.316,0.2449
2023-01-01T05:32:43.373,0.2449
2023-01-01T05:33:33.423,0.2449
2023-01-01T05:34:23.473,0.2449
2023-01-01T05:35:13.573,0.2449
2023-01-01T05:36:03.723,0.2449
2023-01-01T05:36:53.823,0.2449
2023-01-01T05:37:43.923,0.2449
2023-01-01T05:38:34.023,0.2449
2023-01-01T05:39:26.775,0.2448
2023-01-01T05:40:16.823,0.2448
2023-01-01T05:40:29.226,0.2447
2023-01-01T05:40:29.246,0.2446
2023-01-01T05:40:37.466,0.2445
2023-01-01T05:41:23.168,0.2446
2023-01-01T05:42:14.479,0.2445
2023-01-01T05:43:04.723,0.2445
2023-01-01T05:43:54.873,0.2445
2023-01-01T05:44:44.923,0.2445
2023-01-01T05:44:57.100,0.2446
2023-01-01T05:45:47.123,0.2446
2023-01-01T05:46:42.858,0.2447
2023-01-01T05:47:17.293,0.2448
2023-01-01T05:48:07.324,0.2448
2023-01-01T05:48:30.969,0.2449
2023-01-01T05:49:04.450,0.2448
2023-01-01T05:49:54.473,0.2448
2023-01-01T05:50:44.892,0.2449
2023-01-01T05:51:35.573,0.2449
2023-01-01T05:52:01.477,0.2448
2023-01-01T05:52:51.523,0.2448
2023-01-01T05:53:41.523,0.2448
2023-01-01T05:54:31.573,0.2448
2023-01-01T05:55:21.623,0.2448
2023-01-01T05:55:42.796,0.2446
2023-01-01T05:55:42.814,0.2447
2023-01-01T05:55:42.821,0.2446
2023-01-01T05:55:43.133,0.2445
2023-01-01T05:56:33.324,0.2445
2023-01-01T05:56:44.570,0.2446
2023-01-01T05:57:35.124,0.2446
2023-01-01T05:58:35.161,0.2445
2023-01-01T05:59:25.223,0.2445
2023-01-01T06:00:02.400,0.2446
2023-01-01T06:00:40.881,0.2447
2023-01-01T06:01:30.923,0.2447
2023-01-01T06:02:01.672,0.2448
2023-01-01T06:02:07.919,0.2447
2023-01-01T06:02:57.923,0.2447
2023-01-01T06:03:45.297,0.2448
2023-01-01T06:04:35.423,0.2448
2023-01-01T06:05:25.473,0.2448
2023-01-01T06:06:15.573,0.2448
2023-01-01T06:07:05.623,0.2448
2023-01-01T06:07:32.277,0.2447
2023-01-01T06:08:22.373,0.2447
2023-01-01T06:09:07.321,0.2448
2023-01-01T06:09:57.323,0.2448
2023-01-01T06:10:47.623,0.2448
2023-01-01T06:11:37.673,0.2448
2023-01-01T06:11:52.835,0.2447
2023-01-01T06:11:52.837,0.2448
2023-01-01T06:11:52.845,0.2447
2023-01-01T06:12:42.923,0.2447
2023-01-01T06:13:33.123,0.2447
2023-01-01T06:14:04.036,0.2448
2023-01-01T06:14:54.373,0.2448
2023-01-01T06:15:44.423,0.2448
2023-01-01T06:16:34.473,0.2448
2023-01-01T06:17:24.523,0.2448
2023-01-01T06:18:14.723,0.2448
2023-01-01T06:19:04.773,0.2448
2023-01-01T06:19:54.823,0.2448
2023-01-01T06:20:16.880,0.2447
2023-01-01T06:21:07.323,0.2447
2023-01-01T06:21:35.164,0.2446
2023-01-01T06:22:25.523,0.2446
2023-01-01T06:23:15.623,0.2446
2023-01-01T06:24:05.673,0.2446
2023-01-01T06:24:55.724,0.2446
2023-01-01T06:25:47.772,0.2447
2023-01-01T06:26:37.773,0.2447
2023-01-01T06:27:10.416,0.2446
2023-01-01T06:28:00.974,0.2446
2023-01-01T06:28:19.514,0.2447
2023-01-01T06:28:19.673,0.2448
2023-01-01T06:29:03.301,0.2449
2023-01-01T06:29:11.751,0.2448
2023-01-01T06:30:01.773,0.2448
2023-01-01T06:30:51.823,0.2448
2023-01-01T06:31:41.823,0.2448
2023-01-01T06:32:31.823,0.2448
2023-01-01T06:33:06.720,0.2447
2023-01-01T06:33:38.743,0.2446
2023-01-01T06:34:28.923,0.2446
2023-01-01T06:35:19.023,0.2446
2023-01-01T06:35:29.198,0.2445
2023-01-01T06:35:29.366,0.2444
2023-01-01T06:35:42.003,0.2443
2023-01-01T06:36:32.023,0.2443
2023-01-01T06:37:22.073,0.2443
2023-01-01T06:38:12.223,0.2443
2023-01-01T06:39:02.273,0.2443
2023-01-01T06:39:52.323,0.2443
2023-01-01T06:40:42.373,0.2443
2023-01-01T06:41:00.596,0.2444
2023-01-01T06:41:44.941,0.2445
2023-01-01T06:42:34.973,0.2445
2023-01-01T06:43:25.023,0.2445
2023-01-01T06:44:01.546,0.2446
2023-01-01T06:45:01.443,0.2445
2023-01-01T06:45:51.473,0.2445
2023-01-01T06:46:41.473,0.2445
2023-01-01T06:47:11.067,0.2444
2023-01-01T06:48:01.074,0.2444
2023-01-01T06:48:51.123,0.2444
2023-01-01T06:49:41.174,0.2444
2023-01-01T06:50:31.273,0.2444
2023-01-01T06:51:21.324,0.2444
2023-01-01T06:52:11.373,0.2444
2023-01-01T06:53:01.374,0.2444
2023-01-01T06:53:51.423,0.2444
2023-01-01T06:54:41.473,0.2444
2023-01-01T06:55:31.523,0.2444
2023-01-01T06:56:21.523,0.2444
2023-01-01T06:57:04.363,0.2445
2023-01-01T06:57:54.523,0.2445
2023-01-01T06:58:44.723,0.2445
2023-01-01T06:59:34.823,0.2445
2023-01-01T07:00:25.073,0.2445
2023-01-01T07:01:15.123,0.2445
2023-01-01T07:02:01.280,0.2446
2023-01-01T07:02:02.317,0.2447
2023-01-01T07:02:52.373,0.2447
2023-01-01T07:03:12.845,0.2446
2023-01-01T07:04:03.273,0.2446
2023-01-01T07:04:53.273,0.2446
2023-01-01T07:05:27.107,0.2445
2023-01-01T07:05:27.263,0.2444
2023-01-01T07:06:18.124,0.2444
2023-01-01T07:06:47.506,0.2445
2023-01-01T07:07:37.523,0.2445
2023-01-01T07:08:25.698,0.2446
2023-01-01T07:08:33.991,0.2447
2023-01-01T07:09:24.023,0.2447
2023-01-01T07:10:14.023,0.2447
2023-01-01T07:11:11.095,0.2446
2023-01-01T07:11:41.562,0.2445
2023-01-01T07:11:50.347,0.2446
2023-01-01T07:12:43.359,0.2447
2023-01-01T07:13:33.423,0.2447
2023-01-01T07:14:23.473,0.2447
2023-01-01T07:15:13.623,0.2447
2023-01-01T07:16:03.674,0.2447
2023-01-01T07:16:52.461,0.2446
2023-01-01T07:17:03.749,0.2445
2023-01-01T07:17:06.349,0.2444
2023-01-01T07:17:07.666,0.2445
2023-01-01T07:17:57.673,0.2445
2023-01-01T07:18:47.773,0.2445
2023-01-01T07:19:37.823,0.2445
2023-01-01T07:20:27.823,0.2445
2023-01-01T07:21:17.873,0.2445
2023-01-01T07:22:07.923,0.2445
2023-01-01T07:22:58.023,0.2445
2023-01-01T07:23:48.073,0.2445
2023-01-01T07:24:08.224,0.2446
2023-01-01T07:24:58.423,0.2446
2023-01-01T07:25:48.473,0.2446
2023-01-01T07:26:02.833,0.2447
2023-01-01T07:26:52.873,0.2447
2023-01-01T07:27:42.923,0.2447
2023-01-01T07:28:12.139,0.2448
2023-01-01T07:28:22.302,0.2447
2023-01-01T07:28:57.870,0.2448
2023-01-01T07:29:51.815,0.2449
2023-01-01T07:30:41.823,0.2449
2023-01-01T07:31:31.923,0.2449
2023-01-01T07:31:48.721,0.2448
2023-01-01T07:32:38.873,0.2448
2023-01-01T07:33:28.973,0.2448
2023-01-01T07:33:44.348,0.2449
2023-01-01T07:33:58.749,0.2448
2023-01-01T07:34:48.773,0.2448
2023-01-01T07:35:18.037,0.2447
2023-01-01T07:36:08.524,0.2447
2023-01-01T07:36:58.573,0.2447
2023-01-01T07:37:48.623,0.2447
2023-01-01T07:38:38.724,0.2447
2023-01-01T07:39:28.823,0.2447
2023-01-01T07:40:18.874,0.2447
2023-01-01T07:41:08.923,0.2447
2023-01-01T07:41:58.973,0.2447
2023-01-01T07:42:27.324,0.2448
2023-01-01T07:43:17.473,0.2448
2023-01-01T07:44:00.221,0.2449
2023-01-01T07:44:50.324,0.2449
2023-01-01T07:45:40.373,0.2449
2023-01-01T07:46:30.473,0.2449
2023-01-01T07:47:20.523,0.2449
2023-01-01T07:48:11.334,0.245
2023-01-01T07:48:11.350,0.2451
2023-01-01T07:49:01.473,0.2451
2023-01-01T07:49:51.573,0.2451
2023-01-01T07:50:41.623,0.2451
2023-01-01T07:51:31.673,0.2451
2023-01-01T07:52:21.723,0.2451
2023-01-01T07:53:11.723,0.2451
2023-01-01T07:54:01.773,0.2451
2023-01-01T07:54:51.823,0.2451
2023-01-01T07:55:41.923,0.2451
2023-01-01T07:56:31.923,0.2451
2023-01-01T07:57:21.973,0.2451
2023-01-01T07:58:12.073,0.2451
2023-01-01T07:59:02.123,0.2451
2023-01-01T07:59:52.173,0.2451
2023-01-01T08:00:30.103,0.245
2023-01-01T08:01:20.123,0.245
2023-01-01T08:01:31.103,0.2451
2023-01-01T08:02:16.085,0.2452
2023-01-01T08:03:06.123,0.2452
2023-01-01T08:03:56.173,0.2452
2023-01-01T08:04:17.728,0.2453
2023-01-01T08:05:07.773,0.2453
2023-01-01T08:05:57.824,0.2453
2023-01-01T08:06:12.548,0.2452
2023-01-01T08:07:02.153,0.2451
2023-01-01T08:07:52.173,0.2451
2023-01-01T08:08:42.223,0.2451
2023-01-01T08:09:32.223,0.2451
2023-01-01T08:10:22.273,0.2451
2023-01-01T08:11:12.325,0.2451
2023-01-01T08:12:02.373,0.2451
2023-01-01T08:12:52.374,0.2451
2023-01-01T08:13:42.423,0.2451
2023-01-01T08:14:24.034,0.245
2023-01-01T08:15:14.324,0.245
2023-01-01T08:16:04.373,0.245
2023-01-01T08:16:54.423,0.245
2023-01-01T08:17:20.717,0.2451
2023-01-01T08:18:10.723,0.2451
2023-01-01T08:19:00.774,0.2451
2023-01-01T08:19:50.824,0.2451
2023-01-01T08:20:40.873,0.2451
2023-01-01T08:21:30.973,0.2451
2023-01-01T08:22:25.383,0.245
2023-01-01T08:22:50.478,0.2449
2023-01-01T08:23:40.623,0.2449
2023-01-01T08:24:38.360,0.245
2023-01-01T08:25:29.073,0.245
2023-01-01T08:26:19.173,0.245
2023-01-01T08:27:09.173,0.245
2023-01-01T08:27:59.223,0.245
2023-01-01T08:28:49.273,0.245
2023-01-01T08:29:39.373,0.245
2023-01-01T08:30:21.408,0.2449
2023-01-01T08:31:12.373,0.2449
2023-01-01T08:32:02.473,0.2449
2023-01-01T08:32:52.523,0.2449
2023-01-01T08:33:06.553,0.245
2023-01-01T08:33:45.988,0.2449
2023-01-01T08:34:36.073,0.2449
2023-01-01T08:35:26.123,0.2449
2023-01-01T08:36:10.270,0.2448
2023-01-01T08:37:00.573,0.2448
2023-01-01T08:37:50.673,0.2448
2023-01-01T08:38:06.135,0.2449
2023-01-01T08:38:56.173,0.2449
2023-01-01T08:39:46.223,0.2449
2023-01-01T08:40:36.273,0.2449
2023-01-01T08:41:26.323,0.2449
2023-01-01T08:42:16.324,0.2449
2023-01-01T08:43:06.373,0.2449
2023-01-01T08:43:59.449,0.2448
2023-01-01T08:43:59.453,0.2449
2023-01-01T08:43:59.467,0.2448
2023-01-01T08:44:49.523,0.2448
2023-01-01T08:45:28.582,0.2447
2023-01-01T08:46:18.673,0.2447
2023-01-01T08:47:08.723,0.2447
2023-01-01T08:47:58.823,0.2447
2023-01-01T08:48:48.873,0.2447
2023-01-01T08:49:38.923,0.2447
2023-01-01T08:50:28.924,0.2447
2023-01-01T08:51:18.973,0.2447
2023-01-01T08:51:54.446,0.2446
2023-01-01T08:52:21.217,0.2445
2023-01-01T08:53:11.223,0.2445
2023-01-01T08:54:01.323,0.2445
2023-01-01T08:54:22.109,0.2446
2023-01-01T08:55:12.123,0.2446
2023-01-01T08:56:04.461,0.2445
2023-01-01T08:56:40.668,0.2444
2023-01-01T08:57:30.723,0.2444
2023-01-01T08:58:20.774,0.2444
2023-01-01T08:58:31.026,0.2443
2023-01-01T08:59:21.173,0.2443
2023-01-01T09:00:11.273,0.2443
2023-01-01T09:01:01.323,0.2443
2023-01-01T09:01:51.324,0.2443
2023-01-01T09:02:41.373,0.2443
2023-01-01T09:03:15.120,0.2442
2023-01-01T09:03:29.441,0.2441
2023-01-01T09:03:51.066,0.244
2023-01-01T09:03:51.175,0.2439
2023-01-01T09:03:51.362,0.2438
2023-01-01T09:03:51.436,0.2437
2023-01-01T09:03:51.825,0.2436
2023-01-01T09:03:52.027,0.2437
2023-01-01T09:03:52.091,0.2436
2023-01-01T09:03:52.093,0.2435
2023-01-01T09:03:52.223,0.2434
2023-01-01T09:03:52.401,0.2435
2023-01-01T09:03:52.576,0.2436
2023-01-01T09:03:53.392,0.2435
2023-01-01T09:03:54.098,0.2436
2023-01-01T09:03:56.871,0.2437
2023-01-01T09:04:33.914,0.2436
2023-01-01T09:04:46.075,0.2437
2023-01-01T09:05:36.123,0.2437
2023-01-01T09:06:28.998,0.2438
2023-01-01T09:07:19.023,0.2438
2023-01-01T09:08:09.073,0.2438
2023-01-01T09:08:34.356,0.2439
2023-01-01T09:08:41.444,0.244
2023-01-01T09:09:31.473,0.244
2023-01-01T09:10:21.524,0.244
2023-01-01T09:11:19.973,0.2439
2023-01-01T09:12:10.023,0.2439
2023-01-01T09:13:00.073,0.2439
2023-01-01T09:13:59.854,0.244
2023-01-01T09:14:49.873,0.244
2023-01-01T09:15:39.873,0.244
2023-01-01T09:16:29.923,0.244
2023-01-01T09:16:59.841,0.2441
2023-01-01T09:17:49.874,0.2441
2023-01-01T09:18:39.923,0.2441
2023-01-01T09:19:30.023,0.2441
2023-01-01T09:20:15.165,0.2442
2023-01-01T09:21:05.223,0.2442
2023-01-01T09:21:51.374,0.2443
2023-01-01T09:21:53.074,0.2444
2023-01-01T09:22:43.173,0.2444
2023-01-01T09:23:33.223,0.2444
2023-01-01T09:24:23.273,0.2444
2023-01-01T09:25:13.273,0.2444
2023-01-01T09:26:03.325,0.2444
2023-01-01T09:26:53.373,0.2444
2023-01-01T09:27:43.423,0.2444
2023-01-01T09:28:11.620,0.2443
2023-01-01T09:28:11.637,0.2442
2023-01-01T09:28:12.527,0.2441
2023-01-01T09:29:02.623,0.2441
2023-01-01T09:29:56.545,0.2442
2023-01-01T09:30:46.623,0.2442
2023-01-01T09:31:36.723,0.2442
2023-01-01T09:32:23.654,0.2443
2023-01-01T09:33:13.673,0.2443
2023-01-01T09:34:09.737,0.2444
2023-01-01T09:34:23.031,0.2445
2023-01-01T09:34:31.823,0.2446
2023-01-01T09:34:49.210,0.2447
2023-01-01T09:35:02.379,0.2446
2023-01-01T09:35:52.473,0.2446
2023-01-01T09:36:38.851,0.2447
2023-01-01T09:37:02.731,0.2446
2023-01-01T09:37:52.825,0.2446
2023-01-01T09:38:42.873,0.2446
2023-01-01T09:39:26.079,0.2447
2023-01-01T09:40:16.224,0.2447
2023-01-01T09:41:06.273,0.2447
2023-01-01T09:41:56.323,0.2447
2023-01-01T09:42:46.373,0.2447
2023-01-01T09:43:19.920,0.2448
2023-01-01T09:43:39.685,0.2449
2023-01-01T09:44:30.173,0.2449
2023-01-01T09:45:16.336,0.2448
2023-01-01T09:45:45.053,0.2449
2023-01-01T09:46:02.778,0.2448
2023-01-01T09:46:52.823,0.2448
2023-01-01T09:47:40.004,0.245
2023-01-01T09:48:16.365,0.2449
2023-01-01T09:49:06.373,0.2449
2023-01-01T09:49:56.374,0.2449
2023-01-01T09:50:46.423,0.2449
2023-01-01T09:51:45.913,0.245
2023-01-01T09:52:35.923,0.245
2023-01-01T09:53:26.023,0.245
2023-01-01T09:54:16.074,0.245
2023-01-01T09:55:06.173,0.245
2023-01-01T09:55:56.273,0.245
2023-01-01T09:56:46.423,0.245
2023-01-01T09:57:36.473,0.245
2023-01-01T09:58:02.448,0.2451
2023-01-01T09:58:52.473,0.2451
2023-01-01T09:59:42.523,0.2451
2023-01-01T10:00:31.236,0.2452
2023-01-01T10:00:37.764,0.2451
2023-01-01T10:01:21.715,0.245
2023-01-01T10:02:11.923,0.245
2023-01-01T10:03:02.023,0.245
2023-01-01T10:03:52.073,0.245
2023-01-01T10:04:42.123,0.245
2023-01-01T10:05:32.123,0.245
2023-01-01T10:06:22.223,0.245
2023-01-01T10:07:12.273,0.245
2023-01-01T10:08:02.323,0.245
2023-01-01T10:08:52.323,0.245
2023-01-01T10:09:42.373,0.245
2023-01-01T10:10:32.473,0.245
2023-01-01T10:11:20.048,0.2449
2023-01-01T10:12:10.123,0.2449
2023-01-01T10:12:40.370,0.2448
2023-01-01T10:12:51.155,0.2449
2023-01-01T10:13:41.223,0.2449
2023-01-01T10:14:31.323,0.2449
2023-01-01T10:15:20.315,0.245
2023-01-01T10:16:10.323,0.245
2023-01-01T10:17:00.373,0.245
2023-01-01T10:17:50.423,0.245
2023-01-01T10:18:40.523,0.245
2023-01-01T10:19:30.573,0.245
2023-01-01T10:20:20.573,0.245
2023-01-01T10:21:10.623,0.245
2023-01-01T10:22:00.673,0.245
2023-01-01T10:22:21.209,0.2449
2023-01-01T10:23:11.323,0.2449
2023-01-01T10:24:01.623,0.2449
2023-01-01T10:24:51.673,0.2449
2023-01-01T10:25:41.723,0.2449
2023-01-01T10:26:31.825,0.2449
2023-01-01T10:27:21.923,0.2449
2023-01-01T10:28:11.973,0.2449
2023-01-01T10:29:02.073,0.2449
2023-01-01T10:29:52.123,0.2449
2023-01-01T10:30:42.173,0.2449
2023-01-01T10:30:56.667,0.2448
2023-01-01T10:31:13.882,0.2447
2023-01-01T10:32:03.923,0.2447
2023-01-01T10:32:53.973,0.2447
2023-01-01T10:33:07.076,0.2446
2023-01-01T10:33:57.123,0.2446
2023-01-01T10:34:47.273,0.2446
2023-01-01T10:35:37.323,0.2446
2023-01-01T10:36:27.423,0.2446
2023-01-01T10:37:17.523,0.2446
2023-01-01T10:38:07.573,0.2446
2023-01-01T10:38:57.623,0.2446
2023-01-01T10:39:47.674,0.2446
2023-01-01T10:40:37.723,0.2446
2023-01-01T10:41:27.824,0.2446
2023-01-01T10:42:17.873,0.2446
2023-01-01T10:42:33.461,0.2447
2023-01-01T10:42:33.806,0.2448
2023-01-01T10:43:23.873,0.2448
2023-01-01T10:44:13.873,0.2448
2023-01-01T10:45:03.923,0.2448
2023-01-01T10:45:53.974,0.2448
2023-01-01T10:46:44.023,0.2448
2023-01-01T10:47:34.073,0.2448
2023-01-01T10:48:24.124,0.2448
2023-01-01T10:49:14.173,0.2448
2023-01-01T10:50:04.323,0.2448
2023-01-01T10:50:54.373,0.2448
2023-01-01T10:51:44.523,0.2448
2023-01-01T10:52:34.573,0.2448
2023-01-01T10:53:24.673,0.2448
2023-01-01T10:54:14.723,0.2448
2023-01-01T10:55:04.773,0.2448
2023-01-01T10:55:54.873,0.2448
2023-01-01T10:56:44.923,0.2448
2023-01-01T10:57:35.173,0.2448
2023-01-01T10:57:49.159,0.2449
2023-01-01T10:58:41.404,0.245
2023-01-01T10:59:31.423,0.245
2023-01-01T11:00:21.524,0.245
2023-01-01T11:01:07.070,0.2451
2023-01-01T11:01:07.098,0.2452
2023-01-01T11:01:46.211,0.2453
2023-01-01T11:01:54.793,0.2452
2023-01-01T11:02:44.873,0.2452
2023-01-01T11:03:35.223,0.2452
2023-01-01T11:04:25.323,0.2452
2023-01-01T11:05:15.373,0.2452
2023-01-01T11:06:08.793,0.2453
2023-01-01T11:06:10.374,0.2454
2023-01-01T11:06:15.778,0.2455
2023-01-01T11:06:15.990,0.2456
2023-01-01T11:06:17.085,0.2457
2023-01-01T11:06:17.090,0.2458
2023-01-01T11:06:17.868,0.2457
2023-01-01T11:06:17.886,0.2456
2023-01-01T11:06:20.024,0.2455
2023-01-01T11:07:10.073,0.2455
2023-01-01T11:08:00.074,0.2455
2023-01-01T11:08:59.655,0.2454
2023-01-01T11:09:18.257,0.2455
2023-01-01T11:09:18.348,0.2456
2023-01-01T11:09:24.605,0.2455
2023-01-01T11:09:24.609,0.2456
2023-01-01T11:09:57.903,0.2455
2023-01-01T11:10:23.533,0.2454
2023-01-01T11:10:45.636,0.2455
2023-01-01T11:11:35.723,0.2455
2023-01-01T11:12:26.154,0.2456
2023-01-01T11:13:16.173,0.2456
2023-01-01T11:14:06.223,0.2456
2023-01-01T11:14:56.323,0.2456
2023-01-01T11:15:46.423,0.2456
2023-01-01T11:16:13.392,0.2455
2023-01-01T11:17:03.473,0.2455
2023-01-01T11:17:53.523,0.2455
2023-01-01T11:18:25.625,0.2454
2023-01-01T11:19:15.723,0.2454
2023-01-01T11:20:00.945,0.2453
2023-01-01T11:20:50.973,0.2453
2023-01-01T11:21:05.714,0.2454
2023-01-01T11:21:25.176,0.2455
2023-01-01T11:21:26.076,0.2456
2023-01-01T11:22:16.174,0.2456
2023-01-01T11:23:06.223,0.2456
2023-01-01T11:23:20.830,0.2457
2023-01-01T11:23:43.560,0.2458
2023-01-01T11:24:02.367,0.2457
2023-01-01T11:24:06.214,0.2456
2023-01-01T11:24:24.263,0.2457
2023-01-01T11:25:14.125,0.2456
2023-01-01T11:26:04.323,0.2456
2023-01-01T11:26:54.423,0.2456
2023-01-01T11:27:44.523,0.2456
2023-01-01T11:28:02.858,0.2457
2023-01-01T11:28:09.259,0.2458
2023-01-01T11:28:59.323,0.2458
2023-01-01T11:29:16.504,0.2459
2023-01-01T11:29:52.201,0.2458
2023-01-01T11:30:21.514,0.2457
2023-01-01T11:31:11.573,0.2457
2023-01-01T11:32:01.623,0.2457
2023-01-01T11:32:51.823,0.2457
2023-01-01T11:33:41.923,0.2457
2023-01-01T11:34:31.973,0.2457
2023-01-01T11:35:22.073,0.2457
2023-01-01T11:36:12.123,0.2457
2023-01-01T11:37:02.173,0.2457
2023-01-01T11:37:52.274,0.2457
2023-01-01T11:38:42.323,0.2457
2023-01-01T11:39:32.373,0.2457
2023-01-01T11:40:22.423,0.2457
2023-01-01T11:41:12.473,0.2457
2023-01-01T11:42:02.473,0.2457
2023-01-01T11:42:52.524,0.2457
2023-01-01T11:43:06.926,0.2458
2023-01-01T11:43:57.023,0.2458
2023-01-01T11:44:13.776,0.2457
2023-01-01T11:44:30.678,0.2458
2023-01-01T11:45:20.773,0.2458
2023-01-01T11:46:10.873,0.2458
2023-01-01T11:46:42.540,0.2459
2023-01-01T11:47:09.945,0.2458
2023-01-01T11:47:59.973,0.2458
2023-01-01T11:48:45.653,0.2457
2023-01-01T11:49:16.323,0.2456
2023-01-01T11:50:10.392,0.2457
2023-01-01T11:51:00.573,0.2457
2023-01-01T11:51:50.623,0.2457
2023-01-01T11:52:16.901,0.2458
2023-01-01T11:53:07.023,0.2458
2023-01-01T11:53:57.123,0.2458
2023-01-01T11:54:47.174,0.2458
2023-01-01T11:55:37.223,0.2458
2023-01-01T11:56:27.323,0.2458
2023-01-01T11:57:17.423,0.2458
2023-01-01T11:58:07.473,0.2458
2023-01-01T11:58:57.523,0.2458
2023-01-01T11:59:47.523,0.2458
2023-01-01T12:00:15.972,0.2457
2023-01-01T12:01:06.573,0.2457
2023-01-01T12:01:56.773,0.2457
2023-01-01T12:02:46.923,0.2457
2023-01-01T12:03:36.973,0.2457
2023-01-01T12:04:27.023,0.2457
2023-01-01T12:05:17.123,0.2457
2023-01-01T12:06:07.173,0.2457
2023-01-01T12:06:44.833,0.2456
2023-01-01T12:06:50.884,0.2457
2023-01-01T12:07:40.923,0.2457
2023-01-01T12:08:31.123,0.2457
2023-01-01T12:09:21.173,0.2457
2023-01-01T12:10:11.324,0.2457
2023-01-01T12:11:01.373,0.2457
2023-01-01T12:11:51.523,0.2457
2023-01-01T12:12:41.573,0.2457
2023-01-01T12:13:31.623,0.2457
2023-01-01T12:13:56.698,0.2458
2023-01-01T12:14:46.773,0.2458
2023-01-01T12:15:34.861,0.2459
2023-01-01T12:16:24.873,0.2459
2023-01-01T12:17:15.123,0.2459
2023-01-01T12:18:05.173,0.2459
2023-01-01T12:18:17.972,0.2458
2023-01-01T12:19:07.973,0.2458
2023-01-01T12:19:58.023,0.2458
2023-01-01T12:20:48.023,0.2458
2023-01-01T12:21:38.024,0.2458
2023-01-01T12:22:28.073,0.2458
2023-01-01T12:23:18.124,0.2458
2023-01-01T12:23:40.319,0.2457
2023-01-01T12:23:40.324,0.2458
2023-01-01T12:23:40.337,0.2457
2023-01-01T12:24:30.423,0.2457
2023-01-01T12:25:20.523,0.2457
2023-01-01T12:26:10.573,0.2457
2023-01-01T12:27:00.673,0.2457
2023-01-01T12:27:57.445,0.2456
2023-01-01T12:28:35.880,0.2457
2023-01-01T12:28:38.070,0.2458
2023-01-01T12:29:28.073,0.2458
2023-01-01T12:29:41.781,0.2457
2023-01-01T12:30:31.873,0.2457
2023-01-01T12:30:54.900,0.2458
2023-01-01T12:31:05.118,0.2457
2023-01-01T12:31:43.453,0.2456
2023-01-01T12:32:33.473,0.2456
2023-01-01T12:33:23.574,0.2456
2023-01-01T12:33:42.947,0.2455
2023-01-01T12:34:32.973,0.2455
2023-01-01T12:35:23.073,0.2455
2023-01-01T12:36:13.223,0.2455
2023-01-01T12:36:53.419,0.2456
2023-01-01T12:37:43.423,0.2456
2023-01-01T12:38:02.778,0.2455
2023-01-01T12:38:52.823,0.2455
2023-01-01T12:39:42.923,0.2455
2023-01-01T12:40:32.973,0.2455
2023-01-01T12:41:22.410,0.2456
2023-01-01T12:42:12.473,0.2456
2023-01-01T12:42:42.031,0.2457
2023-01-01T12:43:32.073,0.2457
2023-01-01T12:44:22.123,0.2457
2023-01-01T12:45:16.626,0.2458
2023-01-01T12:45:20.950,0.2459
2023-01-01T12:46:13.810,0.246
2023-01-01T12:47:07.591,0.2461
2023-01-01T12:48:06.986,0.2462
2023-01-01T12:48:37.068,0.2461
2023-01-01T12:49:35.232,0.2462
2023-01-01T12:50:25.423,0.2462
2023-01-01T12:50:54.181,0.2461
2023-01-01T12:51:09.910,0.246
2023-01-01T12:51:59.923,0.246
2023-01-01T12:52:50.073,0.246
2023-01-01T12:53:40.173,0.246
2023-01-01T12:54:30.223,0.246
2023-01-01T12:54:43.450,0.2461
2023-01-01T12:55:33.473,0.2461
2023-01-01T12:56:23.473,0.2461
2023-01-01T12:57:13.473,0.2461
2023-01-01T12:58:03.523,0.2461
2023-01-01T12:58:53.573,0.2461
2023-01-01T12:59:43.623,0.2461
2023-01-01T13:00:04.764,0.2462
2023-01-01T13:00:59.732,0.2463
2023-01-01T13:01:49.823,0.2463
2023-01-01T13:02:39.873,0.2463
2023-01-01T13:03:28.109,0.2462
2023-01-01T13:04:18.223,0.2462
2023-01-01T13:05:08.373,0.2462
2023-01-01T13:06:02.296,0.2461
2023-01-01T13:06:52.423,0.2461
2023-01-01T13:07:42.473,0.2461
2023-01-01T13:08:13.805,0.246
2023-01-01T13:09:03.823,0.246
2023-01-01T13:09:14.103,0.2459
2023-01-01T13:10:04.273,0.2459
2023-01-01T13:10:54.324,0.2459
2023-01-01T13:11:44.324,0.2459
2023-01-01T13:12:34.373,0.2459
2023-01-01T13:13:24.473,0.2459
2023-01-01T13:14:14.573,0.2459
2023-01-01T13:14:26.859,0.246
2023-01-01T13:14:59.017,0.2459
2023-01-01T13:15:49.423,0.2459
2023-01-01T13:16:39.473,0.2459
2023-01-01T13:17:29.523,0.2459
2023-01-01T13:18:19.673,0.2459
2023-01-01T13:18:49.832,0.2458
2023-01-01T13:19:39.873,0.2458
2023-01-01T13:20:29.873,0.2458
2023-01-01T13:21:19.923,0.2458
2023-01-01T13:22:09.923,0.2458
2023-01-01T13:23:08.698,0.2457
2023-01-01T13:23:53.667,0.2456
2023-01-01T13:24:43.723,0.2456
2023-01-01T13:25:33.723,0.2456
2023-01-01T13:26:23.723,0.2456
2023-01-01T13:27:13.773,0.2456
2023-01-01T13:28:03.823,0.2456
2023-01-01T13:28:53.873,0.2456
2023-01-01T13:29:43.923,0.2456
2023-01-01T13:30:34.023,0.2456
2023-01-01T13:31:01.758,0.2457
2023-01-01T13:31:02.545,0.2458
2023-01-01T13:31:53.123,0.2458
2023-01-01T13:32:18.244,0.2457
2023-01-01T13:32:34.597,0.2456
2023-01-01T13:33:24.673,0.2456
2023-01-01T13:34:14.674,0.2456
2023-01-01T13:34:31.049,0.2455
2023-01-01T13:35:03.152,0.2454
2023-01-01T13:35:53.773,0.2454
2023-01-01T13:36:10.923,0.2453
2023-01-01T13:36:34.893,0.2452
2023-01-01T13:36:34.987,0.2451
2023-01-01T13:37:19.494,0.2452
2023-01-01T13:37:20.748,0.2453
2023-01-01T13:37:48.807,0.2454
2023-01-01T13:38:24.505,0.2453
2023-01-01T13:39:14.574,0.2453
2023-01-01T13:40:08.156,0.2452
2023-01-01T13:40:53.803,0.2453
2023-01-01T13:41:43.823,0.2453
2023-01-01T13:42:33.823,0.2453
2023-01-01T13:43:33.644,0.2452
2023-01-01T13:44:23.823,0.2452
2023-01-01T13:45:13.873,0.2452
2023-01-01T13:46:03.973,0.2452
2023-01-01T13:46:54.123,0.2452
2023-01-01T13:47:44.223,0.2452
2023-01-01T13:48:34.373,0.2452
2023-01-01T13:49:24.423,0.2452
2023-01-01T13:50:14.573,0.2452
2023-01-01T13:51:04.623,0.2452
2023-01-01T13:51:54.673,0.2452
2023-01-01T13:52:44.724,0.2452
2023-01-01T13:53:34.773,0.2452
2023-01-01T13:54:24.773,0.2452
2023-01-01T13:55:14.823,0.2452
2023-01-01T13:56:04.873,0.2452
2023-01-01T13:56:54.973,0.2452
2023-01-01T13:57:45.023,0.2452
2023-01-01T13:58:35.123,0.2452
2023-01-01T13:59:25.173,0.2452
2023-01-01T14:00:15.273,0.2452
2023-01-01T14:01:05.373,0.2452
2023-01-01T14:01:39.972,0.2453
2023-01-01T14:01:41.148,0.2454
2023-01-01T14:02:10.491,0.2453
2023-01-01T14:03:00.523,0.2453
2023-01-01T14:03:45.063,0.2454
2023-01-01T14:03:56.721,0.2453
2023-01-01T14:04:46.923,0.2453
2023-01-01T14:05:20.287,0.2454
2023-01-01T14:06:10.323,0.2454
2023-01-01T14:06:21.177,0.2453
2023-01-01T14:06:32.216,0.2452
2023-01-01T14:07:22.223,0.2452
2023-01-01T14:08:12.273,0.2452
2023-01-01T14:09:02.373,0.2452
2023-01-01T14:09:52.473,0.2452
2023-01-01T14:10:12.240,0.2453
2023-01-01T14:10:38.513,0.2454
2023-01-01T14:10:39.431,0.2455
2023-01-01T14:11:29.673,0.2455
2023-01-01T14:12:19.723,0.2455
2023-01-01T14:13:09.773,0.2455
2023-01-01T14:13:59.823,0.2455
2023-01-01T14:14:33.067,0.2454
2023-01-01T14:15:23.073,0.2454
2023-01-01T14:16:13.073,0.2454
2023-01-01T14:17:03.123,0.2454
2023-01-01T14:17:53.173,0.2454
2023-01-01T14:18:43.173,0.2454
2023-01-01T14:19:14.648,0.2455
2023-01-01T14:20:04.673,0.2455
2023-01-01T14:20:54.723,0.2455
2023-01-01T14:21:44.825,0.2455
2023-01-01T14:22:34.873,0.2455
2023-01-01T14:23:24.923,0.2455
2023-01-01T14:24:15.023,0.2455
2023-01-01T14:25:05.073,0.2455
2023-01-01T14:25:55.123,0.2455
2023-01-01T14:26:45.173,0.2455
2023-01-01T14:27:35.173,0.2455
2023-01-01T14:28:25.223,0.2455
2023-01-01T14:29:15.273,0.2455
2023-01-01T14:29:30.429,0.2456
2023-01-01T14:29:31.094,0.2457
2023-01-01T14:30:03.652,0.2458
2023-01-01T14:30:10.363,0.2459
2023-01-01T14:30:30.025,0.2458
2023-01-01T14:31:20.073,0.2458
2023-01-01T14:32:10.123,0.2458
2023-01-01T14:33:00.173,0.2458
2023-01-01T14:33:50.223,0.2458
2023-01-01T14:34:22.257,0.2459
2023-01-01T14:35:12.324,0.2459
2023-01-01T14:36:02.423,0.2459
2023-01-01T14:36:22.341,0.2458
2023-01-01T14:36:22.348,0.2459
2023-01-01T14:36:43.154,0.2458
2023-01-01T14:36:43.161,0.2459
2023-01-01T14:36:45.683,0.2458
2023-01-01T14:36:45.689,0.2459
2023-01-01T14:36:46.061,0.2458
2023-01-01T14:37:36.074,0.2458
2023-01-01T14:38:01.050,0.2457
2023-01-01T14:38:51.123,0.2457
2023-01-01T14:39:41.173,0.2457
2023-01-01T14:40:31.173,0.2457
2023-01-01T14:41:21.223,0.2457
2023-01-01T14:42:11.274,0.2457
2023-01-01T14:43:01.324,0.2457
2023-01-01T14:43:51.374,0.2457
2023-01-01T14:44:41.423,0.2457
2023-01-01T14:45:31.473,0.2457
2023-01-01T14:46:21.524,0.2457
2023-01-01T14:47:11.573,0.2457
2023-01-01T14:48:01.623,0.2457
2023-01-01T14:48:45.184,0.2458
2023-01-01T14:49:35.273,0.2458
2023-01-01T14:50:25.323,0.2458
2023-01-01T14:51:15.373,0.2458
2023-01-01T14:52:05.374,0.2458
2023-01-01T14:52:55.473,0.2458
2023-01-01T14:53:45.523,0.2458
2023-01-01T14:54:35.623,0.2458
2023-01-01T14:55:25.673,0.2458
2023-01-01T14:56:15.723,0.2458
2023-01-01T14:56:30.237,0.2457
2023-01-01T14:56:35.055,0.2456
2023-01-01T14:57:25.123,0.2456
2023-01-01T14:58:15.124,0.2456
2023-01-01T14:59:05.223,0.2456
2023-01-01T14:59:55.273,0.2456
2023-01-01T15:00:09.648,0.2457
2023-01-01T15:00:14.980,0.2458
2023-01-01T15:01:05.023,0.2458
2023-01-01T15:01:32.045,0.2457
2023-01-01T15:01:32.050,0.2458
2023-01-01T15:01:32.059,0.2457
2023-01-01T15:01:32.144,0.2456
2023-01-01T15:02:22.173,0.2456
2023-01-01T15:03:12.174,0.2456
2023-01-01T15:04:02.223,0.2456
2023-01-01T15:04:52.273,0.2456
2023-01-01T15:05:42.274,0.2456
2023-01-01T15:06:32.373,0.2456
2023-01-01T15:07:22.473,0.2456
2023-01-01T15:07:35.473,0.2457
2023-01-01T15:08:25.473,0.2457
2023-01-01T15:09:15.573,0.2457
2023-01-01T15:10:05.673,0.2457
2023-01-01T15:10:55.723,0.2457
2023-01-01T15:11:45.773,0.2457
2023-01-01T15:12:35.773,0.2457
2023-01-01T15:13:25.973,0.2457
2023-01-01T15:14:16.073,0.2457
2023-01-01T15:15:06.173,0.2457
2023-01-01T15:15:56.273,0.2457
2023-01-01T15:16:46.323,0.2457
2023-01-01T15:17:36.373,0.2457
2023-01-01T15:18:26.373,0.2457
2023-01-01T15:19:16.373,0.2457
2023-01-01T15:20:06.423,0.2457
2023-01-01T15:21:00.550,0.2458
2023-01-01T15:21:22.322,0.2457
2023-01-01T15:21:28.049,0.2456
2023-01-01T15:21:28.056,0.2457
2023-01-01T15:21:28.057,0.2456
2023-01-01T15:21:40.374,0.2455
2023-01-01T15:22:30.573,0.2455
2023-01-01T15:23:20.623,0.2455
2023-01-01T15:23:44.525,0.2456
2023-01-01T15:24:34.573,0.2456
2023-01-01T15:24:52.516,0.2457
2023-01-01T15:25:19.439,0.2456
2023-01-01T15:26:11.910,0.2455
2023-01-01T15:27:01.923,0.2455
2023-01-01T15:27:52.023,0.2455
2023-01-01T15:28:20.583,0.2456
2023-01-01T15:28:22.664,0.2457
2023-01-01T15:28:51.204,0.2458
2023-01-01T15:29:00.447,0.2457
2023-01-01T15:29:50.673,0.2457
2023-01-01T15:30:40.723,0.2457
2023-01-01T15:31:30.824,0.2457
2023-01-01T15:32:20.873,0.2457
2023-01-01T15:33:10.923,0.2457
2023-01-01T15:34:00.973,0.2457
2023-01-01T15:34:51.023,0.2457
2023-01-01T15:35:41.023,0.2457
2023-01-01T15:36:31.073,0.2457
2023-01-01T15:37:24.951,0.2458
2023-01-01T15:38:14.973,0.2458
2023-01-01T15:39:05.023,0.2458
2023-01-01T15:39:55.073,0.2458
2023-01-01T15:40:45.123,0.2458
2023-01-01T15:41:01.899,0.2459
2023-01-01T15:41:03.806,0.246
2023-01-01T15:41:45.618,0.2461
2023-01-01T15:42:28.655,0.2462
2023-01-01T15:42:59.762,0.2461
2023-01-01T15:43:49.773,0.2461
2023-01-01T15:44:39.823,0.2461
2023-01-01T15:45:29.924,0.2461
2023-01-01T15:46:19.973,0.2461
2023-01-01T15:47:10.023,0.2461
2023-01-01T15:47:34.031,0.246
2023-01-01T15:48:20.483,0.2459
2023-01-01T15:49:11.923,0.2459
2023-01-01T15:50:01.973,0.2459
2023-01-01T15:50:52.124,0.2459
2023-01-01T15:51:42.223,0.2459
2023-01-01T15:52:32.223,0.2459
2023-01-01T15:53:22.273,0.2459
2023-01-01T15:54:12.373,0.2459
2023-01-01T15:55:02.423,0.2459
2023-01-01T15:55:52.423,0.2459
2023-01-01T15:56:19.533,0.246
2023-01-01T15:56:24.328,0.2461
2023-01-01T15:57:14.373,0.2461
2023-01-01T15:58:04.473,0.2461
2023-01-01T15:58:54.523,0.2461
2023-01-01T15:59:44.573,0.2461
2023-01-01T16:00:28.949,0.2462
2023-01-01T16:00:37.714,0.2463
2023-01-01T16:00:37.947,0.2464
2023-01-01T16:00:37.992,0.2465
2023-01-01T16:00:39.152,0.2466
2023-01-01T16:00:40.155,0.2467
2023-01-01T16:00:41.127,0.2466
2023-01-01T16:00:42.643,0.2465
2023-01-01T16:00:58.607,0.2464
2023-01-01T16:01:01.695,0.2463
2023-01-01T16:01:52.051,0.2464
2023-01-01T16:02:42.073,0.2464
2023-01-01T16:02:54.389,0.2465
2023-01-01T16:02:59.275,0.2464
2023-01-01T16:03:02.417,0.2463
2023-01-01T16:03:52.623,0.2463
2023-01-01T16:04:03.497,0.2462
2023-01-01T16:04:53.573,0.2462
2023-01-01T16:05:04.713,0.2463
2023-01-01T16:05:54.723,0.2463
2023-01-01T16:06:28.728,0.2464
2023-01-01T16:06:32.658,0.2465
2023-01-01T16:07:16.968,0.2464
2023-01-01T16:07:24.465,0.2465
2023-01-01T16:07:46.067,0.2466
2023-01-01T16:08:26.231,0.2467
2023-01-01T16:08:29.076,0.2468
2023-01-01T16:08:34.687,0.2469
2023-01-01T16:09:24.773,0.2469
2023-01-01T16:09:52.782,0.2468
2023-01-01T16:09:59.602,0.2467
2023-01-01T16:10:12.053,0.2466
2023-01-01T16:10:17.362,0.2465
2023-01-01T16:10:22.019,0.2466
2023-01-01T16:10:47.023,0.2465
2023-01-01T16:11:37.073,0.2465
2023-01-01T16:12:27.173,0.2465
2023-01-01T16:13:17.224,0.2465
2023-01-01T16:13:42.494,0.2464
2023-01-01T16:14:35.465,0.2463
2023-01-01T16:15:34.635,0.2464
2023-01-01T16:15:34.671,0.2465
2023-01-01T16:16:14.138,0.2466
2023-01-01T16:17:04.173,0.2466
2023-01-01T16:17:40.672,0.2465
2023-01-01T16:17:40.676,0.2466
2023-01-01T16:17:40.681,0.2465
2023-01-01T16:18:30.773,0.2465
2023-01-01T16:19:20.823,0.2465
2023-01-01T16:20:10.710,0.2464
2023-01-01T16:21:00.773,0.2464
2023-01-01T16:21:50.874,0.2464
2023-01-01T16:22:40.923,0.2464
2023-01-01T16:23:30.973,0.2464
2023-01-01T16:24:21.023,0.2464
2023-01-01T16:25:11.273,0.2464
2023-01-01T16:26:01.373,0.2464
2023-01-01T16:26:51.423,0.2464
2023-01-01T16:27:40.531,0.2465
2023-01-01T16:28:11.938,0.2466
2023-01-01T16:29:01.973,0.2466
2023-01-01T16:29:51.973,0.2466
2023-01-01T16:30:42.023,0.2466
2023-01-01T16:31:32.023,0.2466
2023-01-01T16:32:22.023,0.2466
2023-01-01T16:33:12.073,0.2466
2023-01-01T16:34:02.074,0.2466
2023-01-01T16:34:25.778,0.2467
2023-01-01T16:34:54.551,0.2468
2023-01-01T16:35:44.573,0.2468
2023-01-01T16:36:32.687,0.2467
2023-01-01T16:37:22.723,0.2467
2023-01-01T16:38:12.773,0.2467
2023-01-01T16:38:56.989,0.2466
2023-01-01T16:39:47.273,0.2466
2023-01-01T16:40:37.323,0.2466
2023-01-01T16:41:27.373,0.2466
2023-01-01T16:41:45.034,0.2467
2023-01-01T16:42:35.223,0.2467
2023-01-01T16:42:46.455,0.2466
2023-01-01T16:42:46.560,0.2465
2023-01-01T16:43:38.123,0.2465
2023-01-01T16:43:48.869,0.2466
2023-01-01T16:44:38.923,0.2466
2023-01-01T16:45:28.973,0.2466
2023-01-01T16:46:18.973,0.2466
2023-01-01T16:47:09.023,0.2466
2023-01-01T16:47:59.123,0.2466
2023-01-01T16:48:49.173,0.2466
2023-01-01T16:49:39.223,0.2466
2023-01-01T16:50:29.273,0.2466
2023-01-01T16:51:19.325,0.2466
2023-01-01T16:52:09.373,0.2466
2023-01-01T16:52:59.373,0.2466
2023-01-01T16:53:49.424,0.2466
2023-01-01T16:54:39.473,0.2466
2023-01-01T16:55:22.136,0.2467
2023-01-01T16:56:12.173,0.2467
2023-01-01T16:56:30.808,0.2468
2023-01-01T16:56:30.917,0.2469
2023-01-01T16:57:11.390,0.247
2023-01-01T16:57:11.539,0.2471
2023-01-01T16:58:01.973,0.2471
2023-01-01T16:58:51.556,0.247
2023-01-01T16:58:51.578,0.2469
2023-01-01T16:59:29.455,0.2468
2023-01-01T17:00:02.851,0.2469
2023-01-01T17:00:11.200,0.247
2023-01-01T17:00:13.595,0.2471
2023-01-01T17:00:42.618,0.247
2023-01-01T17:01:32.673,0.247
2023-01-01T17:02:20.602,0.2471
2023-01-01T17:02:33.106,0.2472
2023-01-01T17:03:23.123,0.2472
2023-01-01T17:04:13.173,0.2472
2023-01-01T17:05:03.174,0.2472
2023-01-01T17:05:35.124,0.2473
2023-01-01T17:06:25.173,0.2473
2023-01-01T17:06:38.801,0.2474
2023-01-01T17:07:28.823,0.2474
2023-01-01T17:08:19.123,0.2474
2023-01-01T17:09:09.173,0.2474
2023-01-01T17:09:59.274,0.2474
2023-01-01T17:10:49.323,0.2474
2023-01-01T17:11:01.524,0.2473
2023-01-01T17:11:24.756,0.2474
2023-01-01T17:12:14.773,0.2474
2023-01-01T17:13:04.,0.2474
2023-01-01T17:13:29.777,0.2475
2023-01-01T17:13:52.204,0.2476
2023-01-01T17:14:02.780,0.2477
2023-01-01T17:14:17.464,0.2476
2023-01-01T17:14:17.547,0.2475
2023-01-01T17:15:07.623,0.2475
2023-01-01T17:15:36.447,0.2478
2023-01-01T17:15:52.030,0.2479
2023-01-01T17:15:59.612,0.2478
2023-01-01T17:16:33.034,0.2477
2023-01-01T17:17:23.173,0.2477
2023-01-01T17:17:40.617,0.2476
2023-01-01T17:17:45.285,0.2477
2023-01-01T17:18:25.994,0.2478
2023-01-01T17:18:26.073,0.2479
2023-01-01T17:19:04.987,0.248
2023-01-01T17:19:55.023,0.248
2023-01-01T17:20:38.201,0.2481
2023-01-01T17:20:39.217,0.2482
2023-01-01T17:20:48.478,0.2483
2023-01-01T17:20:59.812,0.2484
2023-01-01T17:21:07.449,0.2485
2023-01-01T17:21:08.054,0.2486
2023-01-01T17:21:10.194,0.2485
2023-01-01T17:21:12.656,0.2484
2023-01-01T17:21:13.696,0.2483
2023-01-01T17:21:36.410,0.2484
2023-01-01T17:22:06.343,0.2485
2023-01-01T17:22:07.887,0.2486
2023-01-01T17:22:19.331,0.2487
2023-01-01T17:22:21.213,0.2488
2023-01-01T17:22:37.638,0.2487
2023-01-01T17:22:40.032,0.2486
2023-01-01T17:23:35.205,0.2487
2023-01-01T17:23:35.538,0.2488
2023-01-01T17:23:43.642,0.2487
2023-01-01T17:23:46.578,0.2486
2023-01-01T17:24:03.898,0.2487
2023-01-01T17:24:27.145,0.2488
2023-01-01T17:24:39.756,0.2489
2023-01-01T17:24:44.853,0.2488
2023-01-01T17:24:44.868,0.2489
2023-01-01T17:24:44.869,0.2488
2023-01-01T17:25:07.124,0.2487
2023-01-01T17:25:57.223,0.2487
2023-01-01T17:26:12.427,0.2488
2023-01-01T17:26:12.681,0.2489
2023-01-01T17:26:13.528,0.2488
2023-01-01T17:26:21.101,0.2489
2023-01-01T17:26:23.065,0.2488
2023-01-01T17:26:24.773,0.2487
2023-01-01T17:26:25.751,0.2486
2023-01-01T17:26:27.895,0.2487
2023-01-01T17:26:27.943,0.2488
2023-01-01T17:26:37.836,0.2487
2023-01-01T17:26:38.133,0.2486
2023-01-01T17:26:40.176,0.2487
2023-01-01T17:27:40.215,0.2486
2023-01-01T17:27:47.128,0.2485
2023-01-01T17:27:59.441,0.2484
2023-01-01T17:28:32.920,0.2483
2023-01-01T17:29:16.004,0.2482
2023-01-01T17:30:00.842,0.2483
2023-01-01T17:30:30.321,0.2484
2023-01-01T17:31:12.777,0.2485
2023-01-01T17:32:02.823,0.2485
2023-01-01T17:32:52.923,0.2485
2023-01-01T17:33:36.256,0.2484
2023-01-01T17:34:26.325,0.2484
2023-01-01T17:35:16.373,0.2484
2023-01-01T17:36:06.423,0.2484
2023-01-01T17:37:00.117,0.2483
2023-01-01T17:37:13.662,0.2482
2023-01-01T17:37:50.433,0.2483
2023-01-01T17:37:51.408,0.2484
2023-01-01T17:38:42.623,0.2484
2023-01-01T17:39:32.773,0.2484
2023-01-01T17:40:22.823,0.2484
2023-01-01T17:41:12.823,0.2484
2023-01-01T17:42:02.873,0.2484
2023-01-01T17:42:32.128,0.2485
2023-01-01T17:43:22.223,0.2485
2023-01-01T17:44:06.528,0.2486
2023-01-01T17:44:56.624,0.2486
2023-01-01T17:45:46.673,0.2486
2023-01-01T17:46:11.199,0.2485
2023-01-01T17:46:37.338,0.2484
2023-01-01T17:46:43.302,0.2483
2023-01-01T17:47:33.373,0.2483
2023-01-01T17:48:23.523,0.2483
2023-01-01T17:49:13.573,0.2483
2023-01-01T17:50:03.674,0.2483
2023-01-01T17:50:32.798,0.2484
2023-01-01T17:51:22.823,0.2484
2023-01-01T17:52:12.823,0.2484
2023-01-01T17:53:02.873,0.2484
2023-01-01T17:53:52.923,0.2484
2023-01-01T17:54:15.922,0.2483
2023-01-01T17:54:36.713,0.2482
2023-01-01T17:54:53.207,0.2481
2023-01-01T17:54:53.930,0.2482
2023-01-01T17:55:13.440,0.2481
2023-01-01T17:55:13.538,0.248
2023-01-01T17:55:13.540,0.2481
2023-01-01T17:55:13.632,0.248
2023-01-01T17:55:13.636,0.2481
2023-01-01T17:55:13.649,0.248
2023-01-01T17:55:13.649,0.2481
2023-01-01T17:56:03.673,0.2481
2023-01-01T17:56:53.824,0.2481
2023-01-01T17:57:35.920,0.248
2023-01-01T17:58:25.923,0.248
2023-01-01T17:59:15.973,0.248
2023-01-01T18:00:03.693,0.2481
2023-01-01T18:00:53.723,0.2481
2023-01-01T18:01:36.743,0.2482
2023-01-01T18:02:26.824,0.2482
2023-01-01T18:03:16.924,0.2482
2023-01-01T18:04:07.024,0.2482
2023-01-01T18:04:22.535,0.2483
2023-01-01T18:04:47.261,0.2482
2023-01-01T18:05:37.373,0.2482
2023-01-01T18:06:29.798,0.2483
2023-01-01T18:06:30.080,0.2484
2023-01-01T18:06:37.070,0.2485
2023-01-01T18:06:53.748,0.2484
2023-01-01T18:07:06.473,0.2485
2023-01-01T18:07:56.523,0.2485
2023-01-01T18:08:22.675,0.2486
2023-01-01T18:08:22.814,0.2487
2023-01-01T18:08:42.874,0.2486
2023-01-01T18:08:57.855,0.2487
2023-01-01T18:09:12.528,0.2488
2023-01-01T18:09:28.857,0.2489
2023-01-01T18:09:38.866,0.249
2023-01-01T18:09:54.816,0.2489
2023-01-01T18:09:54.855,0.2488
2023-01-01T18:09:55.140,0.2487
2023-01-01T18:10:56.661,0.2488
2023-01-01T18:11:17.032,0.2489
2023-01-01T18:11:17.406,0.249
2023-01-01T18:11:19.205,0.2489
2023-01-01T18:11:55.458,0.2488
2023-01-01T18:12:35.157,0.2487
2023-01-01T18:12:54.714,0.2488
2023-01-01T18:12:57.104,0.2487
2023-01-01T18:13:09.553,0.2488
2023-01-01T18:13:09.578,0.2489
2023-01-01T18:13:31.721,0.2488
2023-01-01T18:13:31.879,0.2487
2023-01-01T18:13:31.887,0.2488
2023-01-01T18:13:31.894,0.2487
2023-01-01T18:13:31.901,0.2488
2023-01-01T18:13:31.911,0.2487
2023-01-01T18:13:31.914,0.2488
2023-01-01T18:13:31.924,0.2487
2023-01-01T18:14:21.343,0.2488
2023-01-01T18:14:54.361,0.2487
2023-01-01T18:14:54.371,0.2488
2023-01-01T18:15:23.558,0.2487
2023-01-01T18:16:13.623,0.2487
2023-01-01T18:17:03.673,0.2487
2023-01-01T18:17:16.767,0.2486
2023-01-01T18:17:16.806,0.2485
2023-01-01T18:17:36.189,0.2484
2023-01-01T18:18:02.307,0.2485
2023-01-01T18:18:12.098,0.2484
2023-01-01T18:19:04.726,0.2485
2023-01-01T18:19:04.732,0.2486
2023-01-01T18:19:04.758,0.2487
2023-01-01T18:19:54.923,0.2487
2023-01-01T18:20:05.230,0.2486
2023-01-01T18:20:55.474,0.2486
2023-01-01T18:21:27.687,0.2487
2023-01-01T18:22:09.656,0.2488
2023-01-01T18:22:57.815,0.2487
2023-01-01T18:23:56.518,0.2488
2023-01-01T18:24:46.524,0.2488
2023-01-01T18:25:36.573,0.2488
2023-01-01T18:26:16.646,0.2489
2023-01-01T18:26:18.583,0.249
2023-01-01T18:26:28.662,0.2489
2023-01-01T18:26:28.697,0.2488
2023-01-01T18:26:42.703,0.2489
2023-01-01T18:27:32.723,0.2489
2023-01-01T18:28:22.723,0.2489
2023-01-01T18:29:12.724,0.2489
2023-01-01T18:30:02.774,0.2489
2023-01-01T18:30:13.275,0.249
2023-01-01T18:31:03.373,0.249
2023-01-01T18:31:39.340,0.2489
2023-01-01T18:32:22.816,0.2488
2023-01-01T18:32:31.846,0.2489
2023-01-01T18:32:32.403,0.249
2023-01-01T18:33:10.404,0.2489
2023-01-01T18:34:00.473,0.2489
2023-01-01T18:34:21.248,0.249
2023-01-01T18:34:21.702,0.2491
2023-01-01T18:34:24.167,0.2492
2023-01-01T18:34:26.676,0.2491
2023-01-01T18:35:16.723,0.2491
2023-01-01T18:35:31.140,0.2492
2023-01-01T18:36:21.273,0.2492
2023-01-01T18:36:33.742,0.2491
2023-01-01T18:37:24.473,0.2491
2023-01-01T18:38:12.182,0.2492
2023-01-01T18:39:02.223,0.2492
2023-01-01T18:39:52.224,0.2492
2023-01-01T18:40:21.999,0.2493
2023-01-01T18:41:12.023,0.2493
2023-01-01T18:42:02.073,0.2493
2023-01-01T18:42:14.629,0.2492
2023-01-01T18:43:04.673,0.2492
2023-01-01T18:43:54.673,0.2492
2023-01-01T18:44:44.723,0.2492
2023-01-01T18:45:13.116,0.2491
2023-01-01T18:45:49.370,0.249
2023-01-01T18:46:39.373,0.249
2023-01-01T18:46:54.350,0.2489
2023-01-01T18:47:44.473,0.2489
2023-01-01T18:48:34.523,0.2489
2023-01-01T18:48:47.126,0.2488
2023-01-01T18:49:20.368,0.2487
2023-01-01T18:49:53.040,0.2486
2023-01-01T18:50:01.074,0.2487
2023-01-01T18:50:51.123,0.2487
2023-01-01T18:51:03.444,0.2488
2023-01-01T18:51:38.914,0.2487
2023-01-01T18:52:29.023,0.2487
2023-01-01T18:53:07.740,0.2486
2023-01-01T18:53:57.773,0.2486
2023-01-01T18:54:47.774,0.2486
2023-01-01T18:55:37.824,0.2486
2023-01-01T18:56:27.873,0.2486
2023-01-01T18:57:18.023,0.2486
2023-01-01T18:58:08.073,0.2486
2023-01-01T18:58:58.223,0.2486
2023-01-01T18:59:48.273,0.2486
2023-01-01T19:00:03.830,0.2487
2023-01-01T19:00:49.598,0.2488
2023-01-01T19:01:03.809,0.2489
2023-01-01T19:01:53.873,0.2489
2023-01-01T19:02:43.873,0.2489
2023-01-01T19:03:33.923,0.2489
2023-01-01T19:04:24.023,0.2489
2023-01-01T19:05:14.024,0.2489
2023-01-01T19:05:56.094,0.249
2023-01-01T19:06:46.324,0.249
2023-01-01T19:07:36.373,0.249
2023-01-01T19:08:26.423,0.249
2023-01-01T19:09:16.523,0.249
2023-01-01T19:10:06.723,0.249
2023-01-01T19:10:56.773,0.249
2023-01-01T19:11:28.220,0.2491
2023-01-01T19:12:18.223,0.2491
2023-01-01T19:12:49.422,0.2492
2023-01-01T19:13:39.423,0.2492
2023-01-01T19:14:29.473,0.2492
2023-01-01T19:15:10.284,0.2493
2023-01-01T19:15:24.320,0.2492
2023-01-01T19:16:14.423,0.2492
2023-01-01T19:16:56.156,0.2493
2023-01-01T19:17:27.427,0.2494
2023-01-01T19:17:27.684,0.2493
2023-01-01T19:17:34.261,0.2494
2023-01-01T19:17:36.108,0.2495
2023-01-01T19:17:41.392,0.2494
2023-01-01T19:18:15.712,0.2493
2023-01-01T19:18:27.322,0.2494
2023-01-01T19:18:27.645,0.2495
2023-01-01T19:19:17.673,0.2495
2023-01-01T19:19:42.555,0.2494
2023-01-01T19:20:01.074,0.2493
2023-01-01T19:20:39.938,0.2492
2023-01-01T19:21:31.938,0.2491
2023-01-01T19:22:22.023,0.2491
2023-01-01T19:23:12.073,0.2491
2023-01-01T19:24:02.073,0.2491
2023-01-01T19:24:52.124,0.2491
2023-01-01T19:25:42.173,0.2491
2023-01-01T19:26:22.564,0.2492
2023-01-01T19:27:12.623,0.2492
2023-01-01T19:28:02.823,0.2492
2023-01-01T19:28:30.456,0.2493
2023-01-01T19:29:20.473,0.2493
2023-01-01T19:30:10.523,0.2493
2023-01-01T19:30:31.205,0.2494
2023-01-01T19:31:29.949,0.2493
2023-01-01T19:31:36.631,0.2492
2023-01-01T19:32:15.416,0.2491
2023-01-01T19:33:05.424,0.2491
2023-01-01T19:33:55.523,0.2491
2023-01-01T19:34:45.523,0.2491
2023-01-01T19:35:35.573,0.2491
2023-01-01T19:36:25.574,0.2491
2023-01-01T19:37:15.624,0.2491
2023-01-01T19:37:39.688,0.2492
2023-01-01T19:37:39.841,0.2493
2023-01-01T19:38:30.123,0.2493
2023-01-01T19:39:20.223,0.2493
2023-01-01T19:40:10.223,0.2493
2023-01-01T19:41:00.273,0.2493
2023-01-01T19:41:50.324,0.2493
2023-01-01T19:42:19.258,0.2494
2023-01-01T19:43:09.273,0.2494
2023-01-01T19:43:39.394,0.2493
2023-01-01T19:43:39.404,0.2492
2023-01-01T19:44:13.497,0.2491
2023-01-01T19:44:46.161,0.249
2023-01-01T19:45:36.173,0.249
2023-01-01T19:46:26.223,0.249
2023-01-01T19:46:56.327,0.2489
2023-01-01T19:47:56.406,0.2488
2023-01-01T19:48:25.521,0.2487
2023-01-01T19:48:38.233,0.2486
2023-01-01T19:48:55.335,0.2487
2023-01-01T19:49:45.373,0.2487
2023-01-01T19:50:35.523,0.2487
2023-01-01T19:51:20.194,0.2486
2023-01-01T19:51:58.571,0.2485
2023-01-01T19:52:04.269,0.2486
2023-01-01T19:52:04.351,0.2487
2023-01-01T19:52:54.373,0.2487
2023-01-01T19:53:44.373,0.2487
2023-01-01T19:54:41.054,0.2486
2023-01-01T19:54:51.286,0.2485
2023-01-01T19:55:41.323,0.2485
2023-01-01T19:56:31.373,0.2485
2023-01-01T19:56:44.556,0.2484
2023-01-01T19:57:02.127,0.2485
2023-01-01T19:57:07.092,0.2484
2023-01-01T19:57:31.992,0.2483
2023-01-01T19:57:53.197,0.2482
2023-01-01T19:58:04.059,0.2481
2023-01-01T19:58:07.634,0.2482
2023-01-01T19:58:19.244,0.2483
2023-01-01T19:58:27.144,0.2482
2023-01-01T19:59:04.310,0.2483
2023-01-01T19:59:08.967,0.2484
2023-01-01T20:00:07.503,0.2485
2023-01-01T20:00:48.807,0.2486
2023-01-01T20:01:38.823,0.2486
2023-01-01T20:02:28.873,0.2486
2023-01-01T20:02:53.085,0.2485
2023-01-01T20:02:53.185,0.2484
2023-01-01T20:03:12.556,0.2485
2023-01-01T20:03:29.067,0.2484
2023-01-01T20:04:19.073,0.2484
2023-01-01T20:04:40.257,0.2485
2023-01-01T20:04:43.579,0.2486
2023-01-01T20:04:43.589,0.2487
2023-01-01T20:04:43.774,0.2488
2023-01-01T20:04:45.291,0.2487
2023-01-01T20:04:46.249,0.2486
2023-01-01T20:05:41.728,0.2487
2023-01-01T20:06:10.442,0.2486
2023-01-01T20:07:00.523,0.2486
2023-01-01T20:07:50.523,0.2486
2023-01-01T20:08:29.556,0.2485
2023-01-01T20:09:19.573,0.2485
2023-01-01T20:10:09.623,0.2485
2023-01-01T20:10:25.246,0.2486
2023-01-01T20:10:31.274,0.2487
2023-01-01T20:11:21.623,0.2487
2023-01-01T20:11:48.837,0.2488
2023-01-01T20:11:52.513,0.2487
2023-01-01T20:12:42.523,0.2487
2023-01-01T20:13:32.573,0.2487
2023-01-01T20:14:22.573,0.2487
2023-01-01T20:15:12.624,0.2487
2023-01-01T20:15:51.657,0.2488
2023-01-01T20:16:41.673,0.2488
2023-01-01T20:17:31.723,0.2488
2023-01-01T20:18:21.723,0.2488
2023-01-01T20:19:11.773,0.2488
2023-01-01T20:20:01.774,0.2488
2023-01-01T20:20:51.823,0.2488
2023-01-01T20:21:41.923,0.2488
2023-01-01T20:22:31.973,0.2488
2023-01-01T20:23:22.023,0.2488
2023-01-01T20:24:06.110,0.2489
2023-01-01T20:24:06.138,0.249
2023-01-01T20:24:25.283,0.2491
2023-01-01T20:24:45.123,0.2492
2023-01-01T20:24:46.519,0.2493
2023-01-01T20:24:52.627,0.2494
2023-01-01T20:24:52.933,0.2493
2023-01-01T20:24:54.576,0.2492
2023-01-01T20:25:01.712,0.2491
2023-01-01T20:25:51.873,0.2491
2023-01-01T20:26:31.184,0.2492
2023-01-01T20:26:44.568,0.2493
2023-01-01T20:26:48.025,0.2494
2023-01-01T20:26:50.072,0.2493
2023-01-01T20:26:53.029,0.2492
2023-01-01T20:27:05.120,0.2493
2023-01-01T20:27:27.155,0.2492
2023-01-01T20:27:57.375,0.2491
2023-01-01T20:28:18.756,0.249
2023-01-01T20:29:04.641,0.2491
2023-01-01T20:29:54.823,0.2491
2023-01-01T20:30:11.497,0.2492
2023-01-01T20:31:01.723,0.2492
2023-01-01T20:31:51.773,0.2492
2023-01-01T20:32:04.271,0.2493
2023-01-01T20:32:54.274,0.2493
2023-01-01T20:33:31.031,0.2494
2023-01-01T20:33:50.266,0.2493
2023-01-01T20:33:56.614,0.2494
2023-01-01T20:34:10.913,0.2493
2023-01-01T20:35:00.923,0.2493
2023-01-01T20:35:52.393,0.2494
2023-01-01T20:36:11.495,0.2493
2023-01-01T20:37:01.573,0.2493
2023-01-01T20:37:51.574,0.2493
2023-01-01T20:38:02.038,0.2494
2023-01-01T20:38:57.214,0.2493
2023-01-01T20:39:47.324,0.2493
2023-01-01T20:40:46.756,0.2492
2023-01-01T20:41:36.824,0.2492
2023-01-01T20:42:26.824,0.2492
2023-01-01T20:43:16.923,0.2492
2023-01-01T20:44:12.715,0.2491
2023-01-01T20:44:18.187,0.249
2023-01-01T20:45:09.819,0.2489
2023-01-01T20:45:59.873,0.2489
2023-01-01T20:46:49.923,0.2489
2023-01-01T20:47:22.853,0.2488
2023-01-01T20:48:12.873,0.2488
2023-01-01T20:48:33.831,0.2487
2023-01-01T20:49:20.902,0.2488
2023-01-01T20:50:10.973,0.2488
2023-01-01T20:51:04.043,0.2489
2023-01-01T20:51:04.043,0.2488
2023-01-01T20:51:04.044,0.2489
2023-01-01T20:51:54.123,0.2489
2023-01-01T20:52:44.123,0.2489
2023-01-01T20:53:34.173,0.2489
2023-01-01T20:54:24.223,0.2489
2023-01-01T20:55:17.750,0.2488
2023-01-01T20:55:17.812,0.2487
2023-01-01T20:56:07.823,0.2487
2023-01-01T20:56:35.080,0.2486
2023-01-01T20:57:25.423,0.2486
2023-01-01T20:58:20.345,0.2485
2023-01-01T20:58:40.405,0.2484
2023-01-01T20:59:30.473,0.2484
2023-01-01T21:00:02.343,0.2485
2023-01-01T21:00:03.236,0.2486
2023-01-01T21:00:20.797,0.2487
2023-01-01T21:01:11.023,0.2487
2023-01-01T21:01:53.136,0.2488
2023-01-01T21:02:08.969,0.2487
2023-01-01T21:02:58.973,0.2487
2023-01-01T21:03:14.803,0.2486
2023-01-01T21:03:14.923,0.2485
2023-01-01T21:03:27.554,0.2484
2023-01-01T21:04:17.673,0.2484
2023-01-01T21:05:07.723,0.2484
2023-01-01T21:05:21.680,0.2485
2023-01-01T21:06:11.723,0.2485
2023-01-01T21:07:01.823,0.2485
2023-01-01T21:07:51.923,0.2485
2023-01-01T21:08:36.758,0.2484
2023-01-01T21:08:36.802,0.2483
2023-01-01T21:08:36.901,0.2482
2023-01-01T21:08:39.233,0.2483
2023-01-01T21:08:42.291,0.2484
2023-01-01T21:09:32.473,0.2484
2023-01-01T21:10:22.573,0.2484
2023-01-01T21:11:12.623,0.2484
2023-01-01T21:11:55.189,0.2483
2023-01-01T21:12:45.273,0.2483
2023-01-01T21:12:58.906,0.2482
2023-01-01T21:13:27.016,0.2483
2023-01-01T21:14:10.505,0.2482
2023-01-01T21:15:00.773,0.2482
2023-01-01T21:15:50.873,0.2482
2023-01-01T21:16:29.690,0.2483
2023-01-01T21:16:50.971,0.2484
2023-01-01T21:17:12.171,0.2485
2023-01-01T21:18:02.173,0.2485
2023-01-01T21:19:01.567,0.2484
2023-01-01T21:19:48.986,0.2485
2023-01-01T21:20:39.074,0.2485
2023-01-01T21:21:29.173,0.2485
2023-01-01T21:22:15.774,0.2486
2023-01-01T21:23:05.923,0.2486
2023-01-01T21:23:56.023,0.2486
2023-01-01T21:24:51.230,0.2487
2023-01-01T21:24:51.245,0.2488
2023-01-01T21:25:02.337,0.2487
2023-01-01T21:25:52.423,0.2487
2023-01-01T21:26:13.477,0.2488
2023-01-01T21:27:03.573,0.2488
2023-01-01T21:27:53.723,0.2488
2023-01-01T21:28:44.552,0.2489
2023-01-01T21:29:05.340,0.249
2023-01-01T21:29:18.991,0.2491
2023-01-01T21:30:03.454,0.249
2023-01-01T21:30:53.473,0.249
2023-01-01T21:31:43.523,0.249
2023-01-01T21:32:33.623,0.249
2023-01-01T21:33:23.723,0.249
2023-01-01T21:34:13.823,0.249
2023-01-01T21:35:11.998,0.2491
2023-01-01T21:35:49.924,0.2492
2023-01-01T21:36:39.973,0.2492
2023-01-01T21:37:29.973,0.2492
2023-01-01T21:38:19.974,0.2492
2023-01-01T21:39:10.023,0.2492
2023-01-01T21:40:00.073,0.2492
2023-01-01T21:40:34.858,0.2493
2023-01-01T21:40:40.628,0.2492
2023-01-01T21:41:30.673,0.2492
2023-01-01T21:42:20.723,0.2492
2023-01-01T21:43:10.973,0.2492
2023-01-01T21:44:01.023,0.2492
2023-01-01T21:44:51.073,0.2492
2023-01-01T21:45:49.279,0.2493
2023-01-01T21:46:39.523,0.2493
2023-01-01T21:47:29.573,0.2493
2023-01-01T21:48:19.673,0.2493
2023-01-01T21:49:09.773,0.2493
2023-01-01T21:49:59.823,0.2493
2023-01-01T21:50:49.923,0.2493
2023-01-01T21:51:42.232,0.2494
2023-01-01T21:52:32.473,0.2494
2023-01-01T21:53:22.523,0.2494
2023-01-01T21:54:12.573,0.2494
2023-01-01T21:55:02.574,0.2494
2023-01-01T21:55:52.723,0.2494
2023-01-01T21:56:18.409,0.2493
2023-01-01T21:57:08.423,0.2493
2023-01-01T21:57:58.423,0.2493
2023-01-01T21:58:48.423,0.2493
2023-01-01T21:59:21.081,0.2492
2023-01-01T22:00:11.223,0.2492
2023-01-01T22:01:01.273,0.2492
2023-01-01T22:01:51.324,0.2492
2023-01-01T22:02:41.373,0.2492
2023-01-01T22:03:31.424,0.2492
2023-01-01T22:04:21.623,0.2492
2023-01-01T22:05:11.673,0.2492
2023-01-01T22:05:49.981,0.2491
2023-01-01T22:06:40.073,0.2491
2023-01-01T22:07:30.123,0.2491
2023-01-01T22:08:20.123,0.2491
2023-01-01T22:09:10.173,0.2491
2023-01-01T22:09:39.086,0.249
2023-01-01T22:10:11.809,0.2489
2023-01-01T22:11:01.923,0.2489
2023-01-01T22:11:51.973,0.2489
2023-01-01T22:12:19.268,0.2488
2023-01-01T22:13:09.423,0.2488
2023-01-01T22:13:50.934,0.2487
2023-01-01T22:14:00.045,0.2486
2023-01-01T22:14:00.185,0.2485
2023-01-01T22:14:00.189,0.2486
2023-01-01T22:14:00.207,0.2485
2023-01-01T22:14:00.953,0.2484
2023-01-01T22:14:01.969,0.2483
2023-01-01T22:14:12.824,0.2484
2023-01-01T22:14:12.870,0.2485
2023-01-01T22:15:02.873,0.2485
2023-01-01T22:15:52.923,0.2485
2023-01-01T22:16:44.685,0.2486
2023-01-01T22:16:46.322,0.2487
2023-01-01T22:17:36.373,0.2487
2023-01-01T22:18:00.856,0.2488
2023-01-01T22:18:30.507,0.2489
2023-01-01T22:18:50.419,0.249
2023-01-01T22:19:08.890,0.2489
2023-01-01T22:19:47.092,0.249
2023-01-01T22:19:59.473,0.2491
2023-01-01T22:20:13.258,0.2492
2023-01-01T22:20:39.670,0.2493
2023-01-01T22:21:30.202,0.2492
2023-01-01T22:21:59.295,0.2493
2023-01-01T22:22:49.323,0.2493
2023-01-01T22:23:39.373,0.2493
2023-01-01T22:24:29.423,0.2493
2023-01-01T22:25:09.033,0.2492
2023-01-01T22:25:59.073,0.2492
2023-01-01T22:26:49.123,0.2492
2023-01-01T22:27:06.043,0.2491
2023-01-01T22:27:56.273,0.2491
2023-01-01T22:28:46.323,0.2491
2023-01-01T22:29:36.423,0.2491
2023-01-01T22:30:32.012,0.249
2023-01-01T22:31:22.073,0.249
2023-01-01T22:32:12.123,0.249
2023-01-01T22:33:02.123,0.249
2023-01-01T22:33:52.173,0.249
2023-01-01T22:34:42.223,0.249
2023-01-01T22:35:41.755,0.2491
2023-01-01T22:36:31.923,0.2491
2023-01-01T22:37:22.073,0.2491
2023-01-01T22:38:12.123,0.2491
2023-01-01T22:39:02.173,0.2491
2023-01-01T22:39:52.223,0.2491
2023-01-01T22:40:42.223,0.2491
2023-01-01T22:41:00.344,0.2492
2023-01-01T22:41:50.773,0.2492
2023-01-01T22:42:40.873,0.2492
2023-01-01T22:43:30.923,0.2492
2023-01-01T22:44:10.070,0.2491
2023-01-01T22:44:10.139,0.2492
2023-01-01T22:44:10.143,0.2491
2023-01-01T22:44:10.144,0.2492
2023-01-01T22:44:10.162,0.2491
2023-01-01T22:44:10.209,0.2492
2023-01-01T22:44:10.217,0.2493
2023-01-01T22:44:10.251,0.2492
2023-01-01T22:44:10.270,0.2493
2023-01-01T22:44:10.278,0.2492
2023-01-01T22:45:00.624,0.2492
2023-01-01T22:45:50.673,0.2492
2023-01-01T22:46:40.723,0.2492
2023-01-01T22:47:14.784,0.2493
2023-01-01T22:48:04.823,0.2493
2023-01-01T22:48:54.825,0.2493
2023-01-01T22:49:33.094,0.2492
2023-01-01T22:50:23.123,0.2492
2023-01-01T22:50:54.607,0.2493
2023-01-01T22:51:44.623,0.2493
2023-01-01T22:52:24.256,0.2492
2023-01-01T22:52:24.256,0.2493
2023-01-01T22:52:24.260,0.2492
2023-01-01T22:53:14.373,0.2492
2023-01-01T22:54:04.473,0.2492
2023-01-01T22:54:24.087,0.2491
2023-01-01T22:54:24.207,0.249
2023-01-01T22:55:20.933,0.2489
2023-01-01T22:55:49.069,0.249
2023-01-01T22:56:39.573,0.249
2023-01-01T22:56:52.636,0.2491
2023-01-01T22:57:42.873,0.2491
2023-01-01T22:58:32.923,0.2491
2023-01-01T22:59:23.573,0.2491
2023-01-01T23:00:13.673,0.2491
2023-01-01T23:01:03.723,0.2491
2023-01-01T23:01:53.773,0.2491
2023-01-01T23:02:43.823,0.2491
2023-01-01T23:03:01.576,0.249
2023-01-01T23:03:51.623,0.249
2023-01-01T23:04:11.291,0.2489
2023-01-01T23:04:11.347,0.2488
2023-01-01T23:04:19.785,0.2487
2023-01-01T23:05:09.823,0.2487
2023-01-01T23:05:59.873,0.2487
2023-01-01T23:06:43.226,0.2486
2023-01-01T23:07:33.273,0.2486
2023-01-01T23:07:47.869,0.2487
2023-01-01T23:07:47.914,0.2488
2023-01-01T23:07:48.940,0.2489
2023-01-01T23:08:02.352,0.249
2023-01-01T23:08:02.699,0.2491
2023-01-01T23:08:07.480,0.249
2023-01-01T23:08:46.840,0.2489
2023-01-01T23:09:36.873,0.2489
2023-01-01T23:09:57.117,0.249
2023-01-01T23:10:00.284,0.2491
2023-01-01T23:10:13.744,0.2492
2023-01-01T23:10:15.071,0.2493
2023-01-01T23:10:16.510,0.2494
2023-01-01T23:10:17.761,0.2493
2023-01-01T23:10:17.762,0.2494
2023-01-01T23:10:17.825,0.2493
2023-01-01T23:10:46.396,0.2492
2023-01-01T23:10:51.732,0.2493
2023-01-01T23:11:00.917,0.2492
2023-01-01T23:11:06.378,0.2493
2023-01-01T23:11:35.654,0.2494
2023-01-01T23:12:25.674,0.2494
2023-01-01T23:12:37.668,0.2493
2023-01-01T23:13:27.874,0.2493
2023-01-01T23:13:44.327,0.2494
2023-01-01T23:14:34.373,0.2494
2023-01-01T23:14:45.950,0.2493
2023-01-01T23:15:36.173,0.2493
2023-01-01T23:15:49.776,0.2494
2023-01-01T23:16:39.824,0.2494
2023-01-01T23:17:29.873,0.2494
2023-01-01T23:17:53.391,0.2493
2023-01-01T23:18:16.060,0.2492
2023-01-01T23:19:06.073,0.2492
2023-01-01T23:19:58.834,0.2493
2023-01-01T23:20:26.013,0.2494
2023-01-01T23:21:16.023,0.2494
2023-01-01T23:22:06.123,0.2494
2023-01-01T23:22:56.173,0.2494
2023-01-01T23:23:46.223,0.2494
2023-01-01T23:24:45.879,0.2493
2023-01-01T23:25:01.154,0.2492
2023-01-01T23:25:39.258,0.2491
2023-01-01T23:25:48.721,0.2492
2023-01-01T23:26:38.723,0.2492
2023-01-01T23:27:28.823,0.2492
2023-01-01T23:28:08.919,0.2493
2023-01-01T23:28:58.923,0.2493
2023-01-01T23:29:48.973,0.2493
2023-01-01T23:30:39.023,0.2493
2023-01-01T23:31:38.742,0.2494
2023-01-01T23:32:19.371,0.2493
2023-01-01T23:33:09.824,0.2493
2023-01-01T23:33:55.679,0.2494
2023-01-01T23:34:27.282,0.2493
2023-01-01T23:35:17.324,0.2493
2023-01-01T23:36:07.373,0.2493
2023-01-01T23:36:57.473,0.2493
2023-01-01T23:37:24.863,0.2494
2023-01-01T23:38:19.780,0.2493
2023-01-01T23:39:09.973,0.2493
2023-01-01T23:39:44.995,0.2494
2023-01-01T23:39:45.202,0.2495
2023-01-01T23:39:46.313,0.2496
2023-01-01T23:39:57.964,0.2497
2023-01-01T23:40:22.137,0.2496
2023-01-01T23:40:22.143,0.2497
2023-01-01T23:40:22.169,0.2496
2023-01-01T23:40:41.689,0.2495
2023-01-01T23:41:31.873,0.2495
2023-01-01T23:42:21.923,0.2495
2023-01-01T23:43:11.973,0.2495
2023-01-01T23:43:52.838,0.2496
2023-01-01T23:44:09.810,0.2497
2023-01-01T23:44:27.103,0.2498
2023-01-01T23:44:28.236,0.2497
2023-01-01T23:44:31.233,0.2498
2023-01-01T23:44:36.833,0.2497
2023-01-01T23:44:50.097,0.2496
2023-01-01T23:45:00.197,0.2495
2023-01-01T23:45:05.356,0.2494
2023-01-01T23:45:10.200,0.2495
2023-01-01T23:45:15.255,0.2494
2023-01-01T23:45:51.419,0.2495
2023-01-01T23:46:23.831,0.2494
2023-01-01T23:46:24.097,0.2493
2023-01-01T23:47:14.123,0.2493
2023-01-01T23:47:24.374,0.2494
2023-01-01T23:48:14.673,0.2494
2023-01-01T23:49:04.824,0.2494
2023-01-01T23:49:32.489,0.2493
2023-01-01T23:50:30.584,0.2494
2023-01-01T23:51:20.723,0.2494
2023-01-01T23:52:11.023,0.2494
2023-01-01T23:53:01.123,0.2494
2023-01-01T23:53:51.173,0.2494
2023-01-01T23:54:23.851,0.2495
2023-01-01T23:55:14.874,0.2495
2023-01-01T23:55:43.929,0.2496
2023-01-01T23:56:34.673,0.2496
2023-01-01T23:56:44.856,0.2497
2023-01-01T23:57:12.104,0.2498
2023-01-01T23:58:06.412,0.2497
2023-01-01T23:58:20.715,0.2498
2023-01-01T23:59:10.723,0.2498
2023-01-01T23:59:43.252,0.2499
